6,9,nhbtiHPrixtkeiV7PVMYscaL2Bo=,t6JBS4q2lPYgKytbI+axbTeltwQ=
5,10,nhbtiHPrixtkeiV7PVMYscaL2Bo=,t6JBS4q2lPYgKytbI+axbTeltwQ=
6,10,nhbtiHPrixtkeiV7PVMYscaL2Bo=,t6JBS4q2lPYgKytbI+axbTeltwQ=
5,9,nhbtiHPrixtkeiV7PVMYscaL2Bo=,t6JBS4q2lPYgKytbI+axbTeltwQ=
6,14,nhbtiHPrixtkeiV7PVMYscaL2Bo=,2FWAAsLoUU5unzQ+LLNnvKOpISc=
6,11,nhbtiHPrixtkeiV7PVMYscaL2Bo=,t6JBS4q2lPYgKytbI+axbTeltwQ=
5,14,nhbtiHPrixtkeiV7PVMYscaL2Bo=,2FWAAsLoUU5unzQ+LLNnvKOpISc=
5,13,nhbtiHPrixtkeiV7PVMYscaL2Bo=,2FWAAsLoUU5unzQ+LLNnvKOpISc=
5,11,nhbtiHPrixtkeiV7PVMYscaL2Bo=,t6JBS4q2lPYgKytbI+axbTeltwQ=
5,12,nhbtiHPrixtkeiV7PVMYscaL2Bo=,2FWAAsLoUU5unzQ+LLNnvKOpISc=
6,12,nhbtiHPrixtkeiV7PVMYscaL2Bo=,2FWAAsLoUU5unzQ+LLNnvKOpISc=
6,13,nhbtiHPrixtkeiV7PVMYscaL2Bo=,2FWAAsLoUU5unzQ+LLNnvKOpISc=
5,5,nhbtiHPrixtkeiV7PVMYscaL2Bo=,0gCKXf1WFhm8J0Qymrm7pFVV0Ik=
5,8,nhbtiHPrixtkeiV7PVMYscaL2Bo=,t6JBS4q2lPYgKytbI+axbTeltwQ=
6,8,nhbtiHPrixtkeiV7PVMYscaL2Bo=,t6JBS4q2lPYgKytbI+axbTeltwQ=
6,5,nhbtiHPrixtkeiV7PVMYscaL2Bo=,0gCKXf1WFhm8J0Qymrm7pFVV0Ik=
5,6,9/dsF4pJF8/KlPkDFyxDexD98Yw=,0gCKXf1WFhm8J0Qymrm7pFVV0Ik=
6,6,9/dsF4pJF8/KlPkDFyxDexD98Yw=,0gCKXf1WFhm8J0Qymrm7pFVV0Ik=
5,7,9/dsF4pJF8/KlPkDFyxDexD98Yw=,0gCKXf1WFhm8J0Qymrm7pFVV0Ik=
6,7,9/dsF4pJF8/KlPkDFyxDexD98Yw=,0gCKXf1WFhm8J0Qymrm7pFVV0Ik=
9,5,9/dsF4pJF8/KlPkDFyxDexD98Yw=,hUbEVi70bPXoDNk1sG3NgA78KW4=
10,5,9/dsF4pJF8/KlPkDFyxDexD98Yw=,hUbEVi70bPXoDNk1sG3NgA78KW4=
7,6,9/dsF4pJF8/KlPkDFyxDexD98Yw=,0gCKXf1WFhm8J0Qymrm7pFVV0Ik=
7,5,9/dsF4pJF8/KlPkDFyxDexD98Yw=,0gCKXf1WFhm8J0Qymrm7pFVV0Ik=
8,6,9/dsF4pJF8/KlPkDFyxDexD98Yw=,hUbEVi70bPXoDNk1sG3NgA78KW4=
8,5,9/dsF4pJF8/KlPkDFyxDexD98Yw=,hUbEVi70bPXoDNk1sG3NgA78KW4=
9,6,9/dsF4pJF8/KlPkDFyxDexD98Yw=,hUbEVi70bPXoDNk1sG3NgA78KW4=
7,10,9/dsF4pJF8/KlPkDFyxDexD98Yw=,t6JBS4q2lPYgKytbI+axbTeltwQ=
10,7,9/dsF4pJF8/KlPkDFyxDexD98Yw=,hUbEVi70bPXoDNk1sG3NgA78KW4=
7,9,9/dsF4pJF8/KlPkDFyxDexD98Yw=,t6JBS4q2lPYgKytbI+axbTeltwQ=
10,6,9/dsF4pJF8/KlPkDFyxDexD98Yw=,hUbEVi70bPXoDNk1sG3NgA78KW4=
9,8,9/dsF4pJF8/KlPkDFyxDexD98Yw=,iTO7iK4guex+Mc2ITdFfIZIaWbs=
10,10,9/dsF4pJF8/KlPkDFyxDexD98Yw=,iTO7iK4guex+Mc2ITdFfIZIaWbs=
7,8,9/dsF4pJF8/KlPkDFyxDexD98Yw=,t6JBS4q2lPYgKytbI+axbTeltwQ=
8,9,9/dsF4pJF8/KlPkDFyxDexD98Yw=,iTO7iK4guex+Mc2ITdFfIZIaWbs=
9,9,9/dsF4pJF8/KlPkDFyxDexD98Yw=,iTO7iK4guex+Mc2ITdFfIZIaWbs=
9,10,9/dsF4pJF8/KlPkDFyxDexD98Yw=,iTO7iK4guex+Mc2ITdFfIZIaWbs=
8,10,9/dsF4pJF8/KlPkDFyxDexD98Yw=,iTO7iK4guex+Mc2ITdFfIZIaWbs=
7,7,9/dsF4pJF8/KlPkDFyxDexD98Yw=,0gCKXf1WFhm8J0Qymrm7pFVV0Ik=
10,8,9/dsF4pJF8/KlPkDFyxDexD98Yw=,iTO7iK4guex+Mc2ITdFfIZIaWbs=
9,7,9/dsF4pJF8/KlPkDFyxDexD98Yw=,hUbEVi70bPXoDNk1sG3NgA78KW4=
10,9,9/dsF4pJF8/KlPkDFyxDexD98Yw=,iTO7iK4guex+Mc2ITdFfIZIaWbs=
7,11,9/dsF4pJF8/KlPkDFyxDexD98Yw=,t6JBS4q2lPYgKytbI+axbTeltwQ=
8,8,9/dsF4pJF8/KlPkDFyxDexD98Yw=,iTO7iK4guex+Mc2ITdFfIZIaWbs=
10,14,9/dsF4pJF8/KlPkDFyxDexD98Yw=,cbipSE1Riut46Exx3sgozT8SGM4=
7,14,9/dsF4pJF8/KlPkDFyxDexD98Yw=,2FWAAsLoUU5unzQ+LLNnvKOpISc=
8,7,9/dsF4pJF8/KlPkDFyxDexD98Yw=,hUbEVi70bPXoDNk1sG3NgA78KW4=
7,12,9/dsF4pJF8/KlPkDFyxDexD98Yw=,2FWAAsLoUU5unzQ+LLNnvKOpISc=
9,12,9/dsF4pJF8/KlPkDFyxDexD98Yw=,cbipSE1Riut46Exx3sgozT8SGM4=
9,13,9/dsF4pJF8/KlPkDFyxDexD98Yw=,cbipSE1Riut46Exx3sgozT8SGM4=
10,13,9/dsF4pJF8/KlPkDFyxDexD98Yw=,cbipSE1Riut46Exx3sgozT8SGM4=
9,14,9/dsF4pJF8/KlPkDFyxDexD98Yw=,cbipSE1Riut46Exx3sgozT8SGM4=
9,11,9/dsF4pJF8/KlPkDFyxDexD98Yw=,iTO7iK4guex+Mc2ITdFfIZIaWbs=
10,12,9/dsF4pJF8/KlPkDFyxDexD98Yw=,cbipSE1Riut46Exx3sgozT8SGM4=
7,13,9/dsF4pJF8/KlPkDFyxDexD98Yw=,2FWAAsLoUU5unzQ+LLNnvKOpISc=
8,12,9/dsF4pJF8/KlPkDFyxDexD98Yw=,cbipSE1Riut46Exx3sgozT8SGM4=
10,11,9/dsF4pJF8/KlPkDFyxDexD98Yw=,iTO7iK4guex+Mc2ITdFfIZIaWbs=
8,14,9/dsF4pJF8/KlPkDFyxDexD98Yw=,cbipSE1Riut46Exx3sgozT8SGM4=
8,11,9/dsF4pJF8/KlPkDFyxDexD98Yw=,iTO7iK4guex+Mc2ITdFfIZIaWbs=
8,13,9/dsF4pJF8/KlPkDFyxDexD98Yw=,cbipSE1Riut46Exx3sgozT8SGM4=
11,9,9/dsF4pJF8/KlPkDFyxDexD98Yw=,iTO7iK4guex+Mc2ITdFfIZIaWbs=
11,10,9/dsF4pJF8/KlPkDFyxDexD98Yw=,iTO7iK4guex+Mc2ITdFfIZIaWbs=
12,10,9/dsF4pJF8/KlPkDFyxDexD98Yw=,jUL1BL2ApmPCMTPuh5z6zhtX8lA=
14,9,9/dsF4pJF8/KlPkDFyxDexD98Yw=,jUL1BL2ApmPCMTPuh5z6zhtX8lA=
13,10,9/dsF4pJF8/KlPkDFyxDexD98Yw=,jUL1BL2ApmPCMTPuh5z6zhtX8lA=
11,14,9/dsF4pJF8/KlPkDFyxDexD98Yw=,cbipSE1Riut46Exx3sgozT8SGM4=
13,12,9/dsF4pJF8/KlPkDFyxDexD98Yw=,kTNkas5IL4jKSOvwt+kHmYmeHE4=
13,9,9/dsF4pJF8/KlPkDFyxDexD98Yw=,jUL1BL2ApmPCMTPuh5z6zhtX8lA=
13,14,9/dsF4pJF8/KlPkDFyxDexD98Yw=,kTNkas5IL4jKSOvwt+kHmYmeHE4=
12,13,9/dsF4pJF8/KlPkDFyxDexD98Yw=,kTNkas5IL4jKSOvwt+kHmYmeHE4=
12,9,9/dsF4pJF8/KlPkDFyxDexD98Yw=,jUL1BL2ApmPCMTPuh5z6zhtX8lA=
11,11,9/dsF4pJF8/KlPkDFyxDexD98Yw=,iTO7iK4guex+Mc2ITdFfIZIaWbs=
14,14,9/dsF4pJF8/KlPkDFyxDexD98Yw=,kTNkas5IL4jKSOvwt+kHmYmeHE4=
13,13,9/dsF4pJF8/KlPkDFyxDexD98Yw=,kTNkas5IL4jKSOvwt+kHmYmeHE4=
12,14,9/dsF4pJF8/KlPkDFyxDexD98Yw=,kTNkas5IL4jKSOvwt+kHmYmeHE4=
12,12,9/dsF4pJF8/KlPkDFyxDexD98Yw=,kTNkas5IL4jKSOvwt+kHmYmeHE4=
11,12,9/dsF4pJF8/KlPkDFyxDexD98Yw=,cbipSE1Riut46Exx3sgozT8SGM4=
13,11,9/dsF4pJF8/KlPkDFyxDexD98Yw=,jUL1BL2ApmPCMTPuh5z6zhtX8lA=
12,11,9/dsF4pJF8/KlPkDFyxDexD98Yw=,jUL1BL2ApmPCMTPuh5z6zhtX8lA=
14,11,9/dsF4pJF8/KlPkDFyxDexD98Yw=,jUL1BL2ApmPCMTPuh5z6zhtX8lA=
11,13,9/dsF4pJF8/KlPkDFyxDexD98Yw=,cbipSE1Riut46Exx3sgozT8SGM4=
14,13,9/dsF4pJF8/KlPkDFyxDexD98Yw=,kTNkas5IL4jKSOvwt+kHmYmeHE4=
14,12,9/dsF4pJF8/KlPkDFyxDexD98Yw=,kTNkas5IL4jKSOvwt+kHmYmeHE4=
14,10,9/dsF4pJF8/KlPkDFyxDexD98Yw=,jUL1BL2ApmPCMTPuh5z6zhtX8lA=
14,8,9/dsF4pJF8/KlPkDFyxDexD98Yw=,jUL1BL2ApmPCMTPuh5z6zhtX8lA=
14,6,9/dsF4pJF8/KlPkDFyxDexD98Yw=,G1+bpQbHIJb/Tpt2nAcSmNdL08k=
14,7,9/dsF4pJF8/KlPkDFyxDexD98Yw=,G1+bpQbHIJb/Tpt2nAcSmNdL08k=
13,7,9/dsF4pJF8/KlPkDFyxDexD98Yw=,G1+bpQbHIJb/Tpt2nAcSmNdL08k=
12,6,9/dsF4pJF8/KlPkDFyxDexD98Yw=,G1+bpQbHIJb/Tpt2nAcSmNdL08k=
13,8,9/dsF4pJF8/KlPkDFyxDexD98Yw=,jUL1BL2ApmPCMTPuh5z6zhtX8lA=
14,5,9/dsF4pJF8/KlPkDFyxDexD98Yw=,G1+bpQbHIJb/Tpt2nAcSmNdL08k=
12,5,9/dsF4pJF8/KlPkDFyxDexD98Yw=,G1+bpQbHIJb/Tpt2nAcSmNdL08k=
12,7,9/dsF4pJF8/KlPkDFyxDexD98Yw=,G1+bpQbHIJb/Tpt2nAcSmNdL08k=
11,7,9/dsF4pJF8/KlPkDFyxDexD98Yw=,hUbEVi70bPXoDNk1sG3NgA78KW4=
11,6,9/dsF4pJF8/KlPkDFyxDexD98Yw=,hUbEVi70bPXoDNk1sG3NgA78KW4=
11,8,9/dsF4pJF8/KlPkDFyxDexD98Yw=,iTO7iK4guex+Mc2ITdFfIZIaWbs=
13,6,9/dsF4pJF8/KlPkDFyxDexD98Yw=,G1+bpQbHIJb/Tpt2nAcSmNdL08k=
11,5,9/dsF4pJF8/KlPkDFyxDexD98Yw=,hUbEVi70bPXoDNk1sG3NgA78KW4=
13,5,9/dsF4pJF8/KlPkDFyxDexD98Yw=,G1+bpQbHIJb/Tpt2nAcSmNdL08k=
13,1,9/dsF4pJF8/KlPkDFyxDexD98Yw=,lEf0ip/7nAIIrfI05W+PwBiVL/0=
14,1,9/dsF4pJF8/KlPkDFyxDexD98Yw=,lEf0ip/7nAIIrfI05W+PwBiVL/0=
14,2,9/dsF4pJF8/KlPkDFyxDexD98Yw=,lEf0ip/7nAIIrfI05W+PwBiVL/0=
13,2,9/dsF4pJF8/KlPkDFyxDexD98Yw=,lEf0ip/7nAIIrfI05W+PwBiVL/0=
14,3,9/dsF4pJF8/KlPkDFyxDexD98Yw=,lEf0ip/7nAIIrfI05W+PwBiVL/0=
13,3,9/dsF4pJF8/KlPkDFyxDexD98Yw=,lEf0ip/7nAIIrfI05W+PwBiVL/0=
12,8,9/dsF4pJF8/KlPkDFyxDexD98Yw=,jUL1BL2ApmPCMTPuh5z6zhtX8lA=
14,4,9/dsF4pJF8/KlPkDFyxDexD98Yw=,G1+bpQbHIJb/Tpt2nAcSmNdL08k=
13,4,9/dsF4pJF8/KlPkDFyxDexD98Yw=,G1+bpQbHIJb/Tpt2nAcSmNdL08k=
11,1,9/dsF4pJF8/KlPkDFyxDexD98Yw=,kwq4zE2kiXqT96R0EJVsveIMSdM=
10,2,9/dsF4pJF8/KlPkDFyxDexD98Yw=,kwq4zE2kiXqT96R0EJVsveIMSdM=
12,1,9/dsF4pJF8/KlPkDFyxDexD98Yw=,lEf0ip/7nAIIrfI05W+PwBiVL/0=
10,1,9/dsF4pJF8/KlPkDFyxDexD98Yw=,kwq4zE2kiXqT96R0EJVsveIMSdM=
11,2,9/dsF4pJF8/KlPkDFyxDexD98Yw=,kwq4zE2kiXqT96R0EJVsveIMSdM=
12,2,9/dsF4pJF8/KlPkDFyxDexD98Yw=,lEf0ip/7nAIIrfI05W+PwBiVL/0=
10,3,9/dsF4pJF8/KlPkDFyxDexD98Yw=,kwq4zE2kiXqT96R0EJVsveIMSdM=
9,1,9/dsF4pJF8/KlPkDFyxDexD98Yw=,kwq4zE2kiXqT96R0EJVsveIMSdM=
12,3,9/dsF4pJF8/KlPkDFyxDexD98Yw=,lEf0ip/7nAIIrfI05W+PwBiVL/0=
9,4,9/dsF4pJF8/KlPkDFyxDexD98Yw=,hUbEVi70bPXoDNk1sG3NgA78KW4=
9,3,9/dsF4pJF8/KlPkDFyxDexD98Yw=,kwq4zE2kiXqT96R0EJVsveIMSdM=
9,2,9/dsF4pJF8/KlPkDFyxDexD98Yw=,kwq4zE2kiXqT96R0EJVsveIMSdM=
10,4,9/dsF4pJF8/KlPkDFyxDexD98Yw=,hUbEVi70bPXoDNk1sG3NgA78KW4=
11,3,9/dsF4pJF8/KlPkDFyxDexD98Yw=,kwq4zE2kiXqT96R0EJVsveIMSdM=
12,4,9/dsF4pJF8/KlPkDFyxDexD98Yw=,G1+bpQbHIJb/Tpt2nAcSmNdL08k=
5,3,9/dsF4pJF8/KlPkDFyxDexD98Yw=,hfFF0JBF9TX1Ocq98lk8oXnTEOw=
11,4,9/dsF4pJF8/KlPkDFyxDexD98Yw=,hUbEVi70bPXoDNk1sG3NgA78KW4=
5,4,9/dsF4pJF8/KlPkDFyxDexD98Yw=,0gCKXf1WFhm8J0Qymrm7pFVV0Ik=
6,1,9/dsF4pJF8/KlPkDFyxDexD98Yw=,hfFF0JBF9TX1Ocq98lk8oXnTEOw=
6,2,9/dsF4pJF8/KlPkDFyxDexD98Yw=,hfFF0JBF9TX1Ocq98lk8oXnTEOw=
7,1,9/dsF4pJF8/KlPkDFyxDexD98Yw=,hfFF0JBF9TX1Ocq98lk8oXnTEOw=
8,4,9/dsF4pJF8/KlPkDFyxDexD98Yw=,hUbEVi70bPXoDNk1sG3NgA78KW4=
8,3,9/dsF4pJF8/KlPkDFyxDexD98Yw=,kwq4zE2kiXqT96R0EJVsveIMSdM=
6,4,9/dsF4pJF8/KlPkDFyxDexD98Yw=,0gCKXf1WFhm8J0Qymrm7pFVV0Ik=
8,2,9/dsF4pJF8/KlPkDFyxDexD98Yw=,kwq4zE2kiXqT96R0EJVsveIMSdM=
7,3,9/dsF4pJF8/KlPkDFyxDexD98Yw=,hfFF0JBF9TX1Ocq98lk8oXnTEOw=
5,1,9/dsF4pJF8/KlPkDFyxDexD98Yw=,hfFF0JBF9TX1Ocq98lk8oXnTEOw=
7,2,9/dsF4pJF8/KlPkDFyxDexD98Yw=,hfFF0JBF9TX1Ocq98lk8oXnTEOw=
7,4,9/dsF4pJF8/KlPkDFyxDexD98Yw=,0gCKXf1WFhm8J0Qymrm7pFVV0Ik=
6,3,9/dsF4pJF8/KlPkDFyxDexD98Yw=,hfFF0JBF9TX1Ocq98lk8oXnTEOw=
2,1,9/dsF4pJF8/KlPkDFyxDexD98Yw=,lz1VxUmlzSvsOOHak5DzIoZrlz0=
3,1,9/dsF4pJF8/KlPkDFyxDexD98Yw=,lz1VxUmlzSvsOOHak5DzIoZrlz0=
4,1,9/dsF4pJF8/KlPkDFyxDexD98Yw=,hfFF0JBF9TX1Ocq98lk8oXnTEOw=
5,2,9/dsF4pJF8/KlPkDFyxDexD98Yw=,hfFF0JBF9TX1Ocq98lk8oXnTEOw=
4,2,9/dsF4pJF8/KlPkDFyxDexD98Yw=,hfFF0JBF9TX1Ocq98lk8oXnTEOw=
1,1,9/dsF4pJF8/KlPkDFyxDexD98Yw=,lz1VxUmlzSvsOOHak5DzIoZrlz0=
8,1,9/dsF4pJF8/KlPkDFyxDexD98Yw=,kwq4zE2kiXqT96R0EJVsveIMSdM=
1,2,9/dsF4pJF8/KlPkDFyxDexD98Yw=,lz1VxUmlzSvsOOHak5DzIoZrlz0=
3,2,9/dsF4pJF8/KlPkDFyxDexD98Yw=,lz1VxUmlzSvsOOHak5DzIoZrlz0=
1,5,9/dsF4pJF8/KlPkDFyxDexD98Yw=,Y7mkyRpVgzubIIVU41gcdtki/OI=
2,2,9/dsF4pJF8/KlPkDFyxDexD98Yw=,lz1VxUmlzSvsOOHak5DzIoZrlz0=
3,6,9/dsF4pJF8/KlPkDFyxDexD98Yw=,Y7mkyRpVgzubIIVU41gcdtki/OI=
1,6,9/dsF4pJF8/KlPkDFyxDexD98Yw=,Y7mkyRpVgzubIIVU41gcdtki/OI=
2,5,9/dsF4pJF8/KlPkDFyxDexD98Yw=,Y7mkyRpVgzubIIVU41gcdtki/OI=
1,3,9/dsF4pJF8/KlPkDFyxDexD98Yw=,lz1VxUmlzSvsOOHak5DzIoZrlz0=
2,3,9/dsF4pJF8/KlPkDFyxDexD98Yw=,lz1VxUmlzSvsOOHak5DzIoZrlz0=
3,3,9/dsF4pJF8/KlPkDFyxDexD98Yw=,lz1VxUmlzSvsOOHak5DzIoZrlz0=
1,4,9/dsF4pJF8/KlPkDFyxDexD98Yw=,Y7mkyRpVgzubIIVU41gcdtki/OI=
2,6,9/dsF4pJF8/KlPkDFyxDexD98Yw=,Y7mkyRpVgzubIIVU41gcdtki/OI=
4,3,9/dsF4pJF8/KlPkDFyxDexD98Yw=,hfFF0JBF9TX1Ocq98lk8oXnTEOw=
4,5,9/dsF4pJF8/KlPkDFyxDexD98Yw=,0gCKXf1WFhm8J0Qymrm7pFVV0Ik=
3,4,9/dsF4pJF8/KlPkDFyxDexD98Yw=,Y7mkyRpVgzubIIVU41gcdtki/OI=
4,6,9/dsF4pJF8/KlPkDFyxDexD98Yw=,0gCKXf1WFhm8J0Qymrm7pFVV0Ik=
3,5,9/dsF4pJF8/KlPkDFyxDexD98Yw=,Y7mkyRpVgzubIIVU41gcdtki/OI=
2,4,9/dsF4pJF8/KlPkDFyxDexD98Yw=,Y7mkyRpVgzubIIVU41gcdtki/OI=
1,10,9/dsF4pJF8/KlPkDFyxDexD98Yw=,tKZjq0EFt/m/35iGNEUBBVRyKVM=
2,8,9/dsF4pJF8/KlPkDFyxDexD98Yw=,tKZjq0EFt/m/35iGNEUBBVRyKVM=
4,4,9/dsF4pJF8/KlPkDFyxDexD98Yw=,0gCKXf1WFhm8J0Qymrm7pFVV0Ik=
1,7,9/dsF4pJF8/KlPkDFyxDexD98Yw=,Y7mkyRpVgzubIIVU41gcdtki/OI=
3,8,9/dsF4pJF8/KlPkDFyxDexD98Yw=,tKZjq0EFt/m/35iGNEUBBVRyKVM=
3,9,9/dsF4pJF8/KlPkDFyxDexD98Yw=,tKZjq0EFt/m/35iGNEUBBVRyKVM=
2,9,9/dsF4pJF8/KlPkDFyxDexD98Yw=,tKZjq0EFt/m/35iGNEUBBVRyKVM=
2,10,9/dsF4pJF8/KlPkDFyxDexD98Yw=,tKZjq0EFt/m/35iGNEUBBVRyKVM=
3,10,9/dsF4pJF8/KlPkDFyxDexD98Yw=,tKZjq0EFt/m/35iGNEUBBVRyKVM=
1,8,9/dsF4pJF8/KlPkDFyxDexD98Yw=,tKZjq0EFt/m/35iGNEUBBVRyKVM=
2,7,9/dsF4pJF8/KlPkDFyxDexD98Yw=,Y7mkyRpVgzubIIVU41gcdtki/OI=
1,9,9/dsF4pJF8/KlPkDFyxDexD98Yw=,tKZjq0EFt/m/35iGNEUBBVRyKVM=
4,9,9/dsF4pJF8/KlPkDFyxDexD98Yw=,t6JBS4q2lPYgKytbI+axbTeltwQ=
4,10,9/dsF4pJF8/KlPkDFyxDexD98Yw=,t6JBS4q2lPYgKytbI+axbTeltwQ=
4,8,9/dsF4pJF8/KlPkDFyxDexD98Yw=,t6JBS4q2lPYgKytbI+axbTeltwQ=
4,7,9/dsF4pJF8/KlPkDFyxDexD98Yw=,0gCKXf1WFhm8J0Qymrm7pFVV0Ik=
3,7,9/dsF4pJF8/KlPkDFyxDexD98Yw=,Y7mkyRpVgzubIIVU41gcdtki/OI=
0,9,9/dsF4pJF8/KlPkDFyxDexD98Yw=,tKZjq0EFt/m/35iGNEUBBVRyKVM=
0,10,9/dsF4pJF8/KlPkDFyxDexD98Yw=,tKZjq0EFt/m/35iGNEUBBVRyKVM=
2,14,9/dsF4pJF8/KlPkDFyxDexD98Yw=,glK59uBrstrtM00o0Zytw1nxrPg=
3,14,9/dsF4pJF8/KlPkDFyxDexD98Yw=,glK59uBrstrtM00o0Zytw1nxrPg=
1,14,9/dsF4pJF8/KlPkDFyxDexD98Yw=,glK59uBrstrtM00o0Zytw1nxrPg=
1,12,9/dsF4pJF8/KlPkDFyxDexD98Yw=,glK59uBrstrtM00o0Zytw1nxrPg=
2,11,9/dsF4pJF8/KlPkDFyxDexD98Yw=,tKZjq0EFt/m/35iGNEUBBVRyKVM=
3,11,9/dsF4pJF8/KlPkDFyxDexD98Yw=,tKZjq0EFt/m/35iGNEUBBVRyKVM=
0,11,9/dsF4pJF8/KlPkDFyxDexD98Yw=,tKZjq0EFt/m/35iGNEUBBVRyKVM=
2,15,9/dsF4pJF8/KlPkDFyxDexD98Yw=,glK59uBrstrtM00o0Zytw1nxrPg=
2,13,9/dsF4pJF8/KlPkDFyxDexD98Yw=,glK59uBrstrtM00o0Zytw1nxrPg=
2,12,9/dsF4pJF8/KlPkDFyxDexD98Yw=,glK59uBrstrtM00o0Zytw1nxrPg=
3,13,9/dsF4pJF8/KlPkDFyxDexD98Yw=,glK59uBrstrtM00o0Zytw1nxrPg=
0,12,9/dsF4pJF8/KlPkDFyxDexD98Yw=,glK59uBrstrtM00o0Zytw1nxrPg=
3,12,9/dsF4pJF8/KlPkDFyxDexD98Yw=,glK59uBrstrtM00o0Zytw1nxrPg=
1,11,9/dsF4pJF8/KlPkDFyxDexD98Yw=,tKZjq0EFt/m/35iGNEUBBVRyKVM=
0,14,9/dsF4pJF8/KlPkDFyxDexD98Yw=,glK59uBrstrtM00o0Zytw1nxrPg=
1,15,9/dsF4pJF8/KlPkDFyxDexD98Yw=,glK59uBrstrtM00o0Zytw1nxrPg=
1,13,9/dsF4pJF8/KlPkDFyxDexD98Yw=,glK59uBrstrtM00o0Zytw1nxrPg=
0,13,9/dsF4pJF8/KlPkDFyxDexD98Yw=,glK59uBrstrtM00o0Zytw1nxrPg=
4,11,9/dsF4pJF8/KlPkDFyxDexD98Yw=,t6JBS4q2lPYgKytbI+axbTeltwQ=
4,12,9/dsF4pJF8/KlPkDFyxDexD98Yw=,2FWAAsLoUU5unzQ+LLNnvKOpISc=
4,14,9/dsF4pJF8/KlPkDFyxDexD98Yw=,2FWAAsLoUU5unzQ+LLNnvKOpISc=
4,13,9/dsF4pJF8/KlPkDFyxDexD98Yw=,2FWAAsLoUU5unzQ+LLNnvKOpISc=
0,6,9/dsF4pJF8/KlPkDFyxDexD98Yw=,Y7mkyRpVgzubIIVU41gcdtki/OI=
0,5,9/dsF4pJF8/KlPkDFyxDexD98Yw=,Y7mkyRpVgzubIIVU41gcdtki/OI=
0,7,9/dsF4pJF8/KlPkDFyxDexD98Yw=,Y7mkyRpVgzubIIVU41gcdtki/OI=
0,8,9/dsF4pJF8/KlPkDFyxDexD98Yw=,tKZjq0EFt/m/35iGNEUBBVRyKVM=
0,4,9/dsF4pJF8/KlPkDFyxDexD98Yw=,Y7mkyRpVgzubIIVU41gcdtki/OI=
0,1,9/dsF4pJF8/KlPkDFyxDexD98Yw=,lz1VxUmlzSvsOOHak5DzIoZrlz0=
0,3,9/dsF4pJF8/KlPkDFyxDexD98Yw=,lz1VxUmlzSvsOOHak5DzIoZrlz0=
0,2,9/dsF4pJF8/KlPkDFyxDexD98Yw=,lz1VxUmlzSvsOOHak5DzIoZrlz0=
1,0,9/dsF4pJF8/KlPkDFyxDexD98Yw=,lz1VxUmlzSvsOOHak5DzIoZrlz0=
2,0,9/dsF4pJF8/KlPkDFyxDexD98Yw=,lz1VxUmlzSvsOOHak5DzIoZrlz0=
4,0,9/dsF4pJF8/KlPkDFyxDexD98Yw=,hfFF0JBF9TX1Ocq98lk8oXnTEOw=
3,0,9/dsF4pJF8/KlPkDFyxDexD98Yw=,lz1VxUmlzSvsOOHak5DzIoZrlz0=
5,0,9/dsF4pJF8/KlPkDFyxDexD98Yw=,hfFF0JBF9TX1Ocq98lk8oXnTEOw=
6,0,9/dsF4pJF8/KlPkDFyxDexD98Yw=,hfFF0JBF9TX1Ocq98lk8oXnTEOw=
10,0,9/dsF4pJF8/KlPkDFyxDexD98Yw=,kwq4zE2kiXqT96R0EJVsveIMSdM=
7,0,9/dsF4pJF8/KlPkDFyxDexD98Yw=,hfFF0JBF9TX1Ocq98lk8oXnTEOw=
8,0,9/dsF4pJF8/KlPkDFyxDexD98Yw=,kwq4zE2kiXqT96R0EJVsveIMSdM=
9,0,9/dsF4pJF8/KlPkDFyxDexD98Yw=,kwq4zE2kiXqT96R0EJVsveIMSdM=
13,0,9/dsF4pJF8/KlPkDFyxDexD98Yw=,lEf0ip/7nAIIrfI05W+PwBiVL/0=
11,0,9/dsF4pJF8/KlPkDFyxDexD98Yw=,kwq4zE2kiXqT96R0EJVsveIMSdM=
12,0,9/dsF4pJF8/KlPkDFyxDexD98Yw=,lEf0ip/7nAIIrfI05W+PwBiVL/0=
15,1,9/dsF4pJF8/KlPkDFyxDexD98Yw=,lEf0ip/7nAIIrfI05W+PwBiVL/0=
14,0,9/dsF4pJF8/KlPkDFyxDexD98Yw=,lEf0ip/7nAIIrfI05W+PwBiVL/0=
15,2,9/dsF4pJF8/KlPkDFyxDexD98Yw=,lEf0ip/7nAIIrfI05W+PwBiVL/0=
15,6,9/dsF4pJF8/KlPkDFyxDexD98Yw=,G1+bpQbHIJb/Tpt2nAcSmNdL08k=
15,4,9/dsF4pJF8/KlPkDFyxDexD98Yw=,G1+bpQbHIJb/Tpt2nAcSmNdL08k=
15,5,9/dsF4pJF8/KlPkDFyxDexD98Yw=,G1+bpQbHIJb/Tpt2nAcSmNdL08k=
15,3,9/dsF4pJF8/KlPkDFyxDexD98Yw=,lEf0ip/7nAIIrfI05W+PwBiVL/0=
15,8,9/dsF4pJF8/KlPkDFyxDexD98Yw=,jUL1BL2ApmPCMTPuh5z6zhtX8lA=
15,10,9/dsF4pJF8/KlPkDFyxDexD98Yw=,jUL1BL2ApmPCMTPuh5z6zhtX8lA=
15,7,9/dsF4pJF8/KlPkDFyxDexD98Yw=,G1+bpQbHIJb/Tpt2nAcSmNdL08k=
15,9,9/dsF4pJF8/KlPkDFyxDexD98Yw=,jUL1BL2ApmPCMTPuh5z6zhtX8lA=
15,14,9/dsF4pJF8/KlPkDFyxDexD98Yw=,kTNkas5IL4jKSOvwt+kHmYmeHE4=
15,12,9/dsF4pJF8/KlPkDFyxDexD98Yw=,kTNkas5IL4jKSOvwt+kHmYmeHE4=
13,15,9/dsF4pJF8/KlPkDFyxDexD98Yw=,kTNkas5IL4jKSOvwt+kHmYmeHE4=
15,11,9/dsF4pJF8/KlPkDFyxDexD98Yw=,jUL1BL2ApmPCMTPuh5z6zhtX8lA=
14,15,9/dsF4pJF8/KlPkDFyxDexD98Yw=,kTNkas5IL4jKSOvwt+kHmYmeHE4=
15,13,9/dsF4pJF8/KlPkDFyxDexD98Yw=,kTNkas5IL4jKSOvwt+kHmYmeHE4=
12,15,9/dsF4pJF8/KlPkDFyxDexD98Yw=,kTNkas5IL4jKSOvwt+kHmYmeHE4=
10,15,9/dsF4pJF8/KlPkDFyxDexD98Yw=,cbipSE1Riut46Exx3sgozT8SGM4=
9,15,9/dsF4pJF8/KlPkDFyxDexD98Yw=,cbipSE1Riut46Exx3sgozT8SGM4=
11,15,9/dsF4pJF8/KlPkDFyxDexD98Yw=,cbipSE1Riut46Exx3sgozT8SGM4=
7,15,9/dsF4pJF8/KlPkDFyxDexD98Yw=,2FWAAsLoUU5unzQ+LLNnvKOpISc=
6,15,9/dsF4pJF8/KlPkDFyxDexD98Yw=,2FWAAsLoUU5unzQ+LLNnvKOpISc=
3,15,9/dsF4pJF8/KlPkDFyxDexD98Yw=,glK59uBrstrtM00o0Zytw1nxrPg=
4,15,9/dsF4pJF8/KlPkDFyxDexD98Yw=,2FWAAsLoUU5unzQ+LLNnvKOpISc=
5,15,9/dsF4pJF8/KlPkDFyxDexD98Yw=,2FWAAsLoUU5unzQ+LLNnvKOpISc=
8,15,9/dsF4pJF8/KlPkDFyxDexD98Yw=,cbipSE1Riut46Exx3sgozT8SGM4=
0,0,9/dsF4pJF8/KlPkDFyxDexD98Yw=,lz1VxUmlzSvsOOHak5DzIoZrlz0=
0,15,9/dsF4pJF8/KlPkDFyxDexD98Yw=,glK59uBrstrtM00o0Zytw1nxrPg=
15,15,9/dsF4pJF8/KlPkDFyxDexD98Yw=,kTNkas5IL4jKSOvwt+kHmYmeHE4=
15,0,9/dsF4pJF8/KlPkDFyxDexD98Yw=,lEf0ip/7nAIIrfI05W+PwBiVL/0=
10,18,EuH1XCKnV+eRnTKKGEY/+s7nf3A=,KIQj1qLIzkwNsZHAV9nqcxP2AxY=
10,17,EuH1XCKnV+eRnTKKGEY/+s7nf3A=,KIQj1qLIzkwNsZHAV9nqcxP2AxY=
9,17,EuH1XCKnV+eRnTKKGEY/+s7nf3A=,KIQj1qLIzkwNsZHAV9nqcxP2AxY=
9,18,EuH1XCKnV+eRnTKKGEY/+s7nf3A=,KIQj1qLIzkwNsZHAV9nqcxP2AxY=
10,22,EuH1XCKnV+eRnTKKGEY/+s7nf3A=,mzY/d6ulH6/6wXEMckbuVQ4WnMQ=
10,21,EuH1XCKnV+eRnTKKGEY/+s7nf3A=,mzY/d6ulH6/6wXEMckbuVQ4WnMQ=
10,20,EuH1XCKnV+eRnTKKGEY/+s7nf3A=,mzY/d6ulH6/6wXEMckbuVQ4WnMQ=
10,19,EuH1XCKnV+eRnTKKGEY/+s7nf3A=,KIQj1qLIzkwNsZHAV9nqcxP2AxY=
9,19,EuH1XCKnV+eRnTKKGEY/+s7nf3A=,KIQj1qLIzkwNsZHAV9nqcxP2AxY=
6,17,EuH1XCKnV+eRnTKKGEY/+s7nf3A=,weUA/s81l3Tn0iOuSPuZK2u3bmM=
6,18,EuH1XCKnV+eRnTKKGEY/+s7nf3A=,weUA/s81l3Tn0iOuSPuZK2u3bmM=
9,21,EuH1XCKnV+eRnTKKGEY/+s7nf3A=,mzY/d6ulH6/6wXEMckbuVQ4WnMQ=
9,22,EuH1XCKnV+eRnTKKGEY/+s7nf3A=,mzY/d6ulH6/6wXEMckbuVQ4WnMQ=
9,20,EuH1XCKnV+eRnTKKGEY/+s7nf3A=,mzY/d6ulH6/6wXEMckbuVQ4WnMQ=
6,19,EuH1XCKnV+eRnTKKGEY/+s7nf3A=,weUA/s81l3Tn0iOuSPuZK2u3bmM=
7,18,EuH1XCKnV+eRnTKKGEY/+s7nf3A=,weUA/s81l3Tn0iOuSPuZK2u3bmM=
6,20,EuH1XCKnV+eRnTKKGEY/+s7nf3A=,cPVAmVKnXoJbRYt57kmmlHdn7Lc=
7,19,EuH1XCKnV+eRnTKKGEY/+s7nf3A=,weUA/s81l3Tn0iOuSPuZK2u3bmM=
7,17,EuH1XCKnV+eRnTKKGEY/+s7nf3A=,weUA/s81l3Tn0iOuSPuZK2u3bmM=
7,21,EuH1XCKnV+eRnTKKGEY/+s7nf3A=,cPVAmVKnXoJbRYt57kmmlHdn7Lc=
5,22,EuH1XCKnV+eRnTKKGEY/+s7nf3A=,cPVAmVKnXoJbRYt57kmmlHdn7Lc=
7,20,EuH1XCKnV+eRnTKKGEY/+s7nf3A=,cPVAmVKnXoJbRYt57kmmlHdn7Lc=
7,22,EuH1XCKnV+eRnTKKGEY/+s7nf3A=,cPVAmVKnXoJbRYt57kmmlHdn7Lc=
6,21,EuH1XCKnV+eRnTKKGEY/+s7nf3A=,cPVAmVKnXoJbRYt57kmmlHdn7Lc=
5,21,EuH1XCKnV+eRnTKKGEY/+s7nf3A=,cPVAmVKnXoJbRYt57kmmlHdn7Lc=
5,17,EuH1XCKnV+eRnTKKGEY/+s7nf3A=,weUA/s81l3Tn0iOuSPuZK2u3bmM=
5,19,EuH1XCKnV+eRnTKKGEY/+s7nf3A=,weUA/s81l3Tn0iOuSPuZK2u3bmM=
8,19,EuH1XCKnV+eRnTKKGEY/+s7nf3A=,KIQj1qLIzkwNsZHAV9nqcxP2AxY=
8,20,EuH1XCKnV+eRnTKKGEY/+s7nf3A=,mzY/d6ulH6/6wXEMckbuVQ4WnMQ=
5,18,EuH1XCKnV+eRnTKKGEY/+s7nf3A=,weUA/s81l3Tn0iOuSPuZK2u3bmM=
6,22,EuH1XCKnV+eRnTKKGEY/+s7nf3A=,cPVAmVKnXoJbRYt57kmmlHdn7Lc=
5,20,EuH1XCKnV+eRnTKKGEY/+s7nf3A=,cPVAmVKnXoJbRYt57kmmlHdn7Lc=
8,17,EuH1XCKnV+eRnTKKGEY/+s7nf3A=,KIQj1qLIzkwNsZHAV9nqcxP2AxY=
8,21,EuH1XCKnV+eRnTKKGEY/+s7nf3A=,mzY/d6ulH6/6wXEMckbuVQ4WnMQ=
8,22,EuH1XCKnV+eRnTKKGEY/+s7nf3A=,mzY/d6ulH6/6wXEMckbuVQ4WnMQ=
8,18,EuH1XCKnV+eRnTKKGEY/+s7nf3A=,KIQj1qLIzkwNsZHAV9nqcxP2AxY=
5,23,EuH1XCKnV+eRnTKKGEY/+s7nf3A=,cPVAmVKnXoJbRYt57kmmlHdn7Lc=
5,24,EuH1XCKnV+eRnTKKGEY/+s7nf3A=,jgQSPsBi46TZq33i+EncUlS0GWo=
6,26,EuH1XCKnV+eRnTKKGEY/+s7nf3A=,jgQSPsBi46TZq33i+EncUlS0GWo=
5,25,EuH1XCKnV+eRnTKKGEY/+s7nf3A=,jgQSPsBi46TZq33i+EncUlS0GWo=
6,23,EuH1XCKnV+eRnTKKGEY/+s7nf3A=,cPVAmVKnXoJbRYt57kmmlHdn7Lc=
6,24,EuH1XCKnV+eRnTKKGEY/+s7nf3A=,jgQSPsBi46TZq33i+EncUlS0GWo=
6,25,EuH1XCKnV+eRnTKKGEY/+s7nf3A=,jgQSPsBi46TZq33i+EncUlS0GWo=
2,26,EuH1XCKnV+eRnTKKGEY/+s7nf3A=,kq22kB4Nzn+1J4aR2Mqmkmp+5MQ=
2,25,EuH1XCKnV+eRnTKKGEY/+s7nf3A=,kq22kB4Nzn+1J4aR2Mqmkmp+5MQ=
3,25,EuH1XCKnV+eRnTKKGEY/+s7nf3A=,kq22kB4Nzn+1J4aR2Mqmkmp+5MQ=
5,26,EuH1XCKnV+eRnTKKGEY/+s7nf3A=,jgQSPsBi46TZq33i+EncUlS0GWo=
1,25,EuH1XCKnV+eRnTKKGEY/+s7nf3A=,kq22kB4Nzn+1J4aR2Mqmkmp+5MQ=
1,26,EuH1XCKnV+eRnTKKGEY/+s7nf3A=,kq22kB4Nzn+1J4aR2Mqmkmp+5MQ=
3,26,EuH1XCKnV+eRnTKKGEY/+s7nf3A=,kq22kB4Nzn+1J4aR2Mqmkmp+5MQ=
4,25,EuH1XCKnV+eRnTKKGEY/+s7nf3A=,jgQSPsBi46TZq33i+EncUlS0GWo=
4,26,EuH1XCKnV+eRnTKKGEY/+s7nf3A=,jgQSPsBi46TZq33i+EncUlS0GWo=
5,30,EuH1XCKnV+eRnTKKGEY/+s7nf3A=,XEXGOJRi+W/+yDQuBmAST/jKrjk=
3,30,EuH1XCKnV+eRnTKKGEY/+s7nf3A=,r0fM6IP4/Y78GbGhlEm+b+dZGcw=
2,27,EuH1XCKnV+eRnTKKGEY/+s7nf3A=,kq22kB4Nzn+1J4aR2Mqmkmp+5MQ=
1,27,EuH1XCKnV+eRnTKKGEY/+s7nf3A=,kq22kB4Nzn+1J4aR2Mqmkmp+5MQ=
2,30,EuH1XCKnV+eRnTKKGEY/+s7nf3A=,r0fM6IP4/Y78GbGhlEm+b+dZGcw=
1,30,EuH1XCKnV+eRnTKKGEY/+s7nf3A=,r0fM6IP4/Y78GbGhlEm+b+dZGcw=
1,29,EuH1XCKnV+eRnTKKGEY/+s7nf3A=,r0fM6IP4/Y78GbGhlEm+b+dZGcw=
6,30,EuH1XCKnV+eRnTKKGEY/+s7nf3A=,XEXGOJRi+W/+yDQuBmAST/jKrjk=
4,30,EuH1XCKnV+eRnTKKGEY/+s7nf3A=,XEXGOJRi+W/+yDQuBmAST/jKrjk=
4,29,EuH1XCKnV+eRnTKKGEY/+s7nf3A=,XEXGOJRi+W/+yDQuBmAST/jKrjk=
3,27,EuH1XCKnV+eRnTKKGEY/+s7nf3A=,kq22kB4Nzn+1J4aR2Mqmkmp+5MQ=
2,29,EuH1XCKnV+eRnTKKGEY/+s7nf3A=,r0fM6IP4/Y78GbGhlEm+b+dZGcw=
3,29,EuH1XCKnV+eRnTKKGEY/+s7nf3A=,r0fM6IP4/Y78GbGhlEm+b+dZGcw=
6,29,EuH1XCKnV+eRnTKKGEY/+s7nf3A=,XEXGOJRi+W/+yDQuBmAST/jKrjk=
5,29,EuH1XCKnV+eRnTKKGEY/+s7nf3A=,XEXGOJRi+W/+yDQuBmAST/jKrjk=
3,28,EuH1XCKnV+eRnTKKGEY/+s7nf3A=,r0fM6IP4/Y78GbGhlEm+b+dZGcw=
2,28,EuH1XCKnV+eRnTKKGEY/+s7nf3A=,r0fM6IP4/Y78GbGhlEm+b+dZGcw=
6,28,EuH1XCKnV+eRnTKKGEY/+s7nf3A=,XEXGOJRi+W/+yDQuBmAST/jKrjk=
6,27,EuH1XCKnV+eRnTKKGEY/+s7nf3A=,jgQSPsBi46TZq33i+EncUlS0GWo=
4,27,EuH1XCKnV+eRnTKKGEY/+s7nf3A=,jgQSPsBi46TZq33i+EncUlS0GWo=
1,28,EuH1XCKnV+eRnTKKGEY/+s7nf3A=,r0fM6IP4/Y78GbGhlEm+b+dZGcw=
5,28,EuH1XCKnV+eRnTKKGEY/+s7nf3A=,XEXGOJRi+W/+yDQuBmAST/jKrjk=
4,28,EuH1XCKnV+eRnTKKGEY/+s7nf3A=,XEXGOJRi+W/+yDQuBmAST/jKrjk=
7,30,EuH1XCKnV+eRnTKKGEY/+s7nf3A=,XEXGOJRi+W/+yDQuBmAST/jKrjk=
7,29,EuH1XCKnV+eRnTKKGEY/+s7nf3A=,XEXGOJRi+W/+yDQuBmAST/jKrjk=
5,27,EuH1XCKnV+eRnTKKGEY/+s7nf3A=,jgQSPsBi46TZq33i+EncUlS0GWo=
11,21,EuH1XCKnV+eRnTKKGEY/+s7nf3A=,mzY/d6ulH6/6wXEMckbuVQ4WnMQ=
11,22,EuH1XCKnV+eRnTKKGEY/+s7nf3A=,mzY/d6ulH6/6wXEMckbuVQ4WnMQ=
11,24,EuH1XCKnV+eRnTKKGEY/+s7nf3A=,W3NjF0/WekTwAAQvzJHlH6eXaok=
9,27,EuH1XCKnV+eRnTKKGEY/+s7nf3A=,W3NjF0/WekTwAAQvzJHlH6eXaok=
7,27,EuH1XCKnV+eRnTKKGEY/+s7nf3A=,jgQSPsBi46TZq33i+EncUlS0GWo=
10,26,EuH1XCKnV+eRnTKKGEY/+s7nf3A=,W3NjF0/WekTwAAQvzJHlH6eXaok=
10,23,EuH1XCKnV+eRnTKKGEY/+s7nf3A=,mzY/d6ulH6/6wXEMckbuVQ4WnMQ=
10,27,EuH1XCKnV+eRnTKKGEY/+s7nf3A=,W3NjF0/WekTwAAQvzJHlH6eXaok=
11,26,EuH1XCKnV+eRnTKKGEY/+s7nf3A=,W3NjF0/WekTwAAQvzJHlH6eXaok=
11,25,EuH1XCKnV+eRnTKKGEY/+s7nf3A=,W3NjF0/WekTwAAQvzJHlH6eXaok=
8,27,EuH1XCKnV+eRnTKKGEY/+s7nf3A=,W3NjF0/WekTwAAQvzJHlH6eXaok=
9,26,EuH1XCKnV+eRnTKKGEY/+s7nf3A=,W3NjF0/WekTwAAQvzJHlH6eXaok=
10,25,EuH1XCKnV+eRnTKKGEY/+s7nf3A=,W3NjF0/WekTwAAQvzJHlH6eXaok=
10,24,EuH1XCKnV+eRnTKKGEY/+s7nf3A=,W3NjF0/WekTwAAQvzJHlH6eXaok=
8,26,EuH1XCKnV+eRnTKKGEY/+s7nf3A=,W3NjF0/WekTwAAQvzJHlH6eXaok=
7,28,EuH1XCKnV+eRnTKKGEY/+s7nf3A=,XEXGOJRi+W/+yDQuBmAST/jKrjk=
7,26,EuH1XCKnV+eRnTKKGEY/+s7nf3A=,jgQSPsBi46TZq33i+EncUlS0GWo=
10,16,EuH1XCKnV+eRnTKKGEY/+s7nf3A=,KIQj1qLIzkwNsZHAV9nqcxP2AxY=
15,18,EuH1XCKnV+eRnTKKGEY/+s7nf3A=,1pRBlN0BCfoSNYOy4G3RoMxwkQI=
11,23,EuH1XCKnV+eRnTKKGEY/+s7nf3A=,mzY/d6ulH6/6wXEMckbuVQ4WnMQ=
12,18,EuH1XCKnV+eRnTKKGEY/+s7nf3A=,1pRBlN0BCfoSNYOy4G3RoMxwkQI=
11,16,EuH1XCKnV+eRnTKKGEY/+s7nf3A=,KIQj1qLIzkwNsZHAV9nqcxP2AxY=
14,18,EuH1XCKnV+eRnTKKGEY/+s7nf3A=,1pRBlN0BCfoSNYOy4G3RoMxwkQI=
15,17,EuH1XCKnV+eRnTKKGEY/+s7nf3A=,1pRBlN0BCfoSNYOy4G3RoMxwkQI=
13,17,EuH1XCKnV+eRnTKKGEY/+s7nf3A=,1pRBlN0BCfoSNYOy4G3RoMxwkQI=
14,16,EuH1XCKnV+eRnTKKGEY/+s7nf3A=,1pRBlN0BCfoSNYOy4G3RoMxwkQI=
14,17,EuH1XCKnV+eRnTKKGEY/+s7nf3A=,1pRBlN0BCfoSNYOy4G3RoMxwkQI=
13,18,EuH1XCKnV+eRnTKKGEY/+s7nf3A=,1pRBlN0BCfoSNYOy4G3RoMxwkQI=
13,19,EuH1XCKnV+eRnTKKGEY/+s7nf3A=,1pRBlN0BCfoSNYOy4G3RoMxwkQI=
12,19,EuH1XCKnV+eRnTKKGEY/+s7nf3A=,1pRBlN0BCfoSNYOy4G3RoMxwkQI=
14,19,EuH1XCKnV+eRnTKKGEY/+s7nf3A=,1pRBlN0BCfoSNYOy4G3RoMxwkQI=
12,17,EuH1XCKnV+eRnTKKGEY/+s7nf3A=,1pRBlN0BCfoSNYOy4G3RoMxwkQI=
12,16,EuH1XCKnV+eRnTKKGEY/+s7nf3A=,1pRBlN0BCfoSNYOy4G3RoMxwkQI=
11,19,EuH1XCKnV+eRnTKKGEY/+s7nf3A=,KIQj1qLIzkwNsZHAV9nqcxP2AxY=
11,20,EuH1XCKnV+eRnTKKGEY/+s7nf3A=,mzY/d6ulH6/6wXEMckbuVQ4WnMQ=
11,18,EuH1XCKnV+eRnTKKGEY/+s7nf3A=,KIQj1qLIzkwNsZHAV9nqcxP2AxY=
9,25,EuH1XCKnV+eRnTKKGEY/+s7nf3A=,W3NjF0/WekTwAAQvzJHlH6eXaok=
7,23,EuH1XCKnV+eRnTKKGEY/+s7nf3A=,cPVAmVKnXoJbRYt57kmmlHdn7Lc=
11,17,EuH1XCKnV+eRnTKKGEY/+s7nf3A=,KIQj1qLIzkwNsZHAV9nqcxP2AxY=
13,16,EuH1XCKnV+eRnTKKGEY/+s7nf3A=,1pRBlN0BCfoSNYOy4G3RoMxwkQI=
9,16,EuH1XCKnV+eRnTKKGEY/+s7nf3A=,KIQj1qLIzkwNsZHAV9nqcxP2AxY=
7,25,EuH1XCKnV+eRnTKKGEY/+s7nf3A=,jgQSPsBi46TZq33i+EncUlS0GWo=
9,23,EuH1XCKnV+eRnTKKGEY/+s7nf3A=,mzY/d6ulH6/6wXEMckbuVQ4WnMQ=
8,25,EuH1XCKnV+eRnTKKGEY/+s7nf3A=,W3NjF0/WekTwAAQvzJHlH6eXaok=
7,24,EuH1XCKnV+eRnTKKGEY/+s7nf3A=,jgQSPsBi46TZq33i+EncUlS0GWo=
9,24,EuH1XCKnV+eRnTKKGEY/+s7nf3A=,W3NjF0/WekTwAAQvzJHlH6eXaok=
8,23,EuH1XCKnV+eRnTKKGEY/+s7nf3A=,mzY/d6ulH6/6wXEMckbuVQ4WnMQ=
8,24,EuH1XCKnV+eRnTKKGEY/+s7nf3A=,W3NjF0/WekTwAAQvzJHlH6eXaok=
6,16,EuH1XCKnV+eRnTKKGEY/+s7nf3A=,weUA/s81l3Tn0iOuSPuZK2u3bmM=
7,16,EuH1XCKnV+eRnTKKGEY/+s7nf3A=,weUA/s81l3Tn0iOuSPuZK2u3bmM=
5,16,EuH1XCKnV+eRnTKKGEY/+s7nf3A=,weUA/s81l3Tn0iOuSPuZK2u3bmM=
8,16,EuH1XCKnV+eRnTKKGEY/+s7nf3A=,KIQj1qLIzkwNsZHAV9nqcxP2AxY=
1,23,EuH1XCKnV+eRnTKKGEY/+s7nf3A=,JuZD2RpgunT+F4xwQfpcra5PiAw=
3,23,EuH1XCKnV+eRnTKKGEY/+s7nf3A=,JuZD2RpgunT+F4xwQfpcra5PiAw=
2,23,EuH1XCKnV+eRnTKKGEY/+s7nf3A=,JuZD2RpgunT+F4xwQfpcra5PiAw=
3,22,EuH1XCKnV+eRnTKKGEY/+s7nf3A=,JuZD2RpgunT+F4xwQfpcra5PiAw=
2,22,EuH1XCKnV+eRnTKKGEY/+s7nf3A=,JuZD2RpgunT+F4xwQfpcra5PiAw=
1,21,EuH1XCKnV+eRnTKKGEY/+s7nf3A=,JuZD2RpgunT+F4xwQfpcra5PiAw=
2,21,EuH1XCKnV+eRnTKKGEY/+s7nf3A=,JuZD2RpgunT+F4xwQfpcra5PiAw=
3,21,EuH1XCKnV+eRnTKKGEY/+s7nf3A=,JuZD2RpgunT+F4xwQfpcra5PiAw=
1,22,EuH1XCKnV+eRnTKKGEY/+s7nf3A=,JuZD2RpgunT+F4xwQfpcra5PiAw=
2,24,EuH1XCKnV+eRnTKKGEY/+s7nf3A=,kq22kB4Nzn+1J4aR2Mqmkmp+5MQ=
1,24,EuH1XCKnV+eRnTKKGEY/+s7nf3A=,kq22kB4Nzn+1J4aR2Mqmkmp+5MQ=
4,22,EuH1XCKnV+eRnTKKGEY/+s7nf3A=,cPVAmVKnXoJbRYt57kmmlHdn7Lc=
4,21,EuH1XCKnV+eRnTKKGEY/+s7nf3A=,cPVAmVKnXoJbRYt57kmmlHdn7Lc=
4,23,EuH1XCKnV+eRnTKKGEY/+s7nf3A=,cPVAmVKnXoJbRYt57kmmlHdn7Lc=
3,24,EuH1XCKnV+eRnTKKGEY/+s7nf3A=,kq22kB4Nzn+1J4aR2Mqmkmp+5MQ=
4,24,EuH1XCKnV+eRnTKKGEY/+s7nf3A=,jgQSPsBi46TZq33i+EncUlS0GWo=
1,20,EuH1XCKnV+eRnTKKGEY/+s7nf3A=,JuZD2RpgunT+F4xwQfpcra5PiAw=
3,19,EuH1XCKnV+eRnTKKGEY/+s7nf3A=,7JYxGDclL6thSgvEF0edO/bcqN8=
1,19,EuH1XCKnV+eRnTKKGEY/+s7nf3A=,7JYxGDclL6thSgvEF0edO/bcqN8=
3,20,EuH1XCKnV+eRnTKKGEY/+s7nf3A=,JuZD2RpgunT+F4xwQfpcra5PiAw=
2,20,EuH1XCKnV+eRnTKKGEY/+s7nf3A=,JuZD2RpgunT+F4xwQfpcra5PiAw=
3,18,EuH1XCKnV+eRnTKKGEY/+s7nf3A=,7JYxGDclL6thSgvEF0edO/bcqN8=
2,17,EuH1XCKnV+eRnTKKGEY/+s7nf3A=,7JYxGDclL6thSgvEF0edO/bcqN8=
2,19,EuH1XCKnV+eRnTKKGEY/+s7nf3A=,7JYxGDclL6thSgvEF0edO/bcqN8=
4,20,EuH1XCKnV+eRnTKKGEY/+s7nf3A=,cPVAmVKnXoJbRYt57kmmlHdn7Lc=
4,18,EuH1XCKnV+eRnTKKGEY/+s7nf3A=,weUA/s81l3Tn0iOuSPuZK2u3bmM=
2,18,EuH1XCKnV+eRnTKKGEY/+s7nf3A=,7JYxGDclL6thSgvEF0edO/bcqN8=
1,18,EuH1XCKnV+eRnTKKGEY/+s7nf3A=,7JYxGDclL6thSgvEF0edO/bcqN8=
4,19,EuH1XCKnV+eRnTKKGEY/+s7nf3A=,weUA/s81l3Tn0iOuSPuZK2u3bmM=
3,17,EuH1XCKnV+eRnTKKGEY/+s7nf3A=,7JYxGDclL6thSgvEF0edO/bcqN8=
1,17,EuH1XCKnV+eRnTKKGEY/+s7nf3A=,7JYxGDclL6thSgvEF0edO/bcqN8=
0,21,EuH1XCKnV+eRnTKKGEY/+s7nf3A=,JuZD2RpgunT+F4xwQfpcra5PiAw=
4,17,EuH1XCKnV+eRnTKKGEY/+s7nf3A=,weUA/s81l3Tn0iOuSPuZK2u3bmM=
0,22,EuH1XCKnV+eRnTKKGEY/+s7nf3A=,JuZD2RpgunT+F4xwQfpcra5PiAw=
0,20,EuH1XCKnV+eRnTKKGEY/+s7nf3A=,JuZD2RpgunT+F4xwQfpcra5PiAw=
0,19,EuH1XCKnV+eRnTKKGEY/+s7nf3A=,7JYxGDclL6thSgvEF0edO/bcqN8=
0,18,EuH1XCKnV+eRnTKKGEY/+s7nf3A=,7JYxGDclL6thSgvEF0edO/bcqN8=
0,17,EuH1XCKnV+eRnTKKGEY/+s7nf3A=,7JYxGDclL6thSgvEF0edO/bcqN8=
0,30,EuH1XCKnV+eRnTKKGEY/+s7nf3A=,r0fM6IP4/Y78GbGhlEm+b+dZGcw=
0,29,EuH1XCKnV+eRnTKKGEY/+s7nf3A=,r0fM6IP4/Y78GbGhlEm+b+dZGcw=
0,25,EuH1XCKnV+eRnTKKGEY/+s7nf3A=,kq22kB4Nzn+1J4aR2Mqmkmp+5MQ=
0,24,EuH1XCKnV+eRnTKKGEY/+s7nf3A=,kq22kB4Nzn+1J4aR2Mqmkmp+5MQ=
2,16,EuH1XCKnV+eRnTKKGEY/+s7nf3A=,7JYxGDclL6thSgvEF0edO/bcqN8=
0,23,EuH1XCKnV+eRnTKKGEY/+s7nf3A=,JuZD2RpgunT+F4xwQfpcra5PiAw=
1,16,EuH1XCKnV+eRnTKKGEY/+s7nf3A=,7JYxGDclL6thSgvEF0edO/bcqN8=
0,26,EuH1XCKnV+eRnTKKGEY/+s7nf3A=,kq22kB4Nzn+1J4aR2Mqmkmp+5MQ=
0,27,EuH1XCKnV+eRnTKKGEY/+s7nf3A=,kq22kB4Nzn+1J4aR2Mqmkmp+5MQ=
4,16,EuH1XCKnV+eRnTKKGEY/+s7nf3A=,weUA/s81l3Tn0iOuSPuZK2u3bmM=
3,16,EuH1XCKnV+eRnTKKGEY/+s7nf3A=,7JYxGDclL6thSgvEF0edO/bcqN8=
0,28,EuH1XCKnV+eRnTKKGEY/+s7nf3A=,r0fM6IP4/Y78GbGhlEm+b+dZGcw=
0,16,EuH1XCKnV+eRnTKKGEY/+s7nf3A=,7JYxGDclL6thSgvEF0edO/bcqN8=
6,31,EuH1XCKnV+eRnTKKGEY/+s7nf3A=,XEXGOJRi+W/+yDQuBmAST/jKrjk=
5,31,EuH1XCKnV+eRnTKKGEY/+s7nf3A=,XEXGOJRi+W/+yDQuBmAST/jKrjk=
7,31,EuH1XCKnV+eRnTKKGEY/+s7nf3A=,XEXGOJRi+W/+yDQuBmAST/jKrjk=
2,31,EuH1XCKnV+eRnTKKGEY/+s7nf3A=,r0fM6IP4/Y78GbGhlEm+b+dZGcw=
3,31,EuH1XCKnV+eRnTKKGEY/+s7nf3A=,r0fM6IP4/Y78GbGhlEm+b+dZGcw=
4,31,EuH1XCKnV+eRnTKKGEY/+s7nf3A=,XEXGOJRi+W/+yDQuBmAST/jKrjk=
1,31,EuH1XCKnV+eRnTKKGEY/+s7nf3A=,r0fM6IP4/Y78GbGhlEm+b+dZGcw=
0,31,EuH1XCKnV+eRnTKKGEY/+s7nf3A=,r0fM6IP4/Y78GbGhlEm+b+dZGcw=
11,27,EuH1XCKnV+eRnTKKGEY/+s7nf3A=,W3NjF0/WekTwAAQvzJHlH6eXaok=
15,19,EuH1XCKnV+eRnTKKGEY/+s7nf3A=,1pRBlN0BCfoSNYOy4G3RoMxwkQI=
15,16,EuH1XCKnV+eRnTKKGEY/+s7nf3A=,1pRBlN0BCfoSNYOy4G3RoMxwkQI=
18,1,EuH1XCKnV+eRnTKKGEY/+s7nf3A=,/2MVMEVMvbxHW60HGa7Y2BD9SuY=
18,6,EuH1XCKnV+eRnTKKGEY/+s7nf3A=,2PJZpSTTGpVFkePePCRPxv9UKyI=
17,6,EuH1XCKnV+eRnTKKGEY/+s7nf3A=,2PJZpSTTGpVFkePePCRPxv9UKyI=
17,1,EuH1XCKnV+eRnTKKGEY/+s7nf3A=,/2MVMEVMvbxHW60HGa7Y2BD9SuY=
18,5,EuH1XCKnV+eRnTKKGEY/+s7nf3A=,2PJZpSTTGpVFkePePCRPxv9UKyI=
18,2,EuH1XCKnV+eRnTKKGEY/+s7nf3A=,/2MVMEVMvbxHW60HGa7Y2BD9SuY=
17,5,EuH1XCKnV+eRnTKKGEY/+s7nf3A=,2PJZpSTTGpVFkePePCRPxv9UKyI=
17,3,EuH1XCKnV+eRnTKKGEY/+s7nf3A=,/2MVMEVMvbxHW60HGa7Y2BD9SuY=
17,2,EuH1XCKnV+eRnTKKGEY/+s7nf3A=,/2MVMEVMvbxHW60HGa7Y2BD9SuY=
18,3,EuH1XCKnV+eRnTKKGEY/+s7nf3A=,/2MVMEVMvbxHW60HGa7Y2BD9SuY=
17,4,EuH1XCKnV+eRnTKKGEY/+s7nf3A=,2PJZpSTTGpVFkePePCRPxv9UKyI=
18,4,EuH1XCKnV+eRnTKKGEY/+s7nf3A=,2PJZpSTTGpVFkePePCRPxv9UKyI=
21,1,EuH1XCKnV+eRnTKKGEY/+s7nf3A=,lVCPCvoZDLhWCtOehxMC0WvKy1Q=
19,1,EuH1XCKnV+eRnTKKGEY/+s7nf3A=,/2MVMEVMvbxHW60HGa7Y2BD9SuY=
20,1,EuH1XCKnV+eRnTKKGEY/+s7nf3A=,lVCPCvoZDLhWCtOehxMC0WvKy1Q=
22,2,EuH1XCKnV+eRnTKKGEY/+s7nf3A=,lVCPCvoZDLhWCtOehxMC0WvKy1Q=
19,6,EuH1XCKnV+eRnTKKGEY/+s7nf3A=,2PJZpSTTGpVFkePePCRPxv9UKyI=
20,6,EuH1XCKnV+eRnTKKGEY/+s7nf3A=,B/91L46+7gesE1Eqs5XcipC0Keg=
22,6,EuH1XCKnV+eRnTKKGEY/+s7nf3A=,B/91L46+7gesE1Eqs5XcipC0Keg=
19,5,EuH1XCKnV+eRnTKKGEY/+s7nf3A=,2PJZpSTTGpVFkePePCRPxv9UKyI=
22,1,EuH1XCKnV+eRnTKKGEY/+s7nf3A=,lVCPCvoZDLhWCtOehxMC0WvKy1Q=
21,6,EuH1XCKnV+eRnTKKGEY/+s7nf3A=,B/91L46+7gesE1Eqs5XcipC0Keg=
21,2,EuH1XCKnV+eRnTKKGEY/+s7nf3A=,lVCPCvoZDLhWCtOehxMC0WvKy1Q=
19,2,EuH1XCKnV+eRnTKKGEY/+s7nf3A=,/2MVMEVMvbxHW60HGa7Y2BD9SuY=
20,5,EuH1XCKnV+eRnTKKGEY/+s7nf3A=,B/91L46+7gesE1Eqs5XcipC0Keg=
21,5,EuH1XCKnV+eRnTKKGEY/+s7nf3A=,B/91L46+7gesE1Eqs5XcipC0Keg=
19,4,EuH1XCKnV+eRnTKKGEY/+s7nf3A=,2PJZpSTTGpVFkePePCRPxv9UKyI=
20,4,EuH1XCKnV+eRnTKKGEY/+s7nf3A=,B/91L46+7gesE1Eqs5XcipC0Keg=
20,2,EuH1XCKnV+eRnTKKGEY/+s7nf3A=,lVCPCvoZDLhWCtOehxMC0WvKy1Q=
22,4,EuH1XCKnV+eRnTKKGEY/+s7nf3A=,B/91L46+7gesE1Eqs5XcipC0Keg=
21,3,EuH1XCKnV+eRnTKKGEY/+s7nf3A=,lVCPCvoZDLhWCtOehxMC0WvKy1Q=
21,4,EuH1XCKnV+eRnTKKGEY/+s7nf3A=,B/91L46+7gesE1Eqs5XcipC0Keg=
22,5,EuH1XCKnV+eRnTKKGEY/+s7nf3A=,B/91L46+7gesE1Eqs5XcipC0Keg=
20,3,EuH1XCKnV+eRnTKKGEY/+s7nf3A=,lVCPCvoZDLhWCtOehxMC0WvKy1Q=
22,3,EuH1XCKnV+eRnTKKGEY/+s7nf3A=,lVCPCvoZDLhWCtOehxMC0WvKy1Q=
19,3,EuH1XCKnV+eRnTKKGEY/+s7nf3A=,/2MVMEVMvbxHW60HGa7Y2BD9SuY=
23,6,EuH1XCKnV+eRnTKKGEY/+s7nf3A=,B/91L46+7gesE1Eqs5XcipC0Keg=
30,6,EuH1XCKnV+eRnTKKGEY/+s7nf3A=,0zqA20fmwDKvuiv2k1Zq5BNbNVg=
29,6,eNCayiM35RjncENs0JLgY5nHlx0=,0zqA20fmwDKvuiv2k1Zq5BNbNVg=
27,6,eNCayiM35RjncENs0JLgY5nHlx0=,v10ZD4o17woal76Vt96yJGfPLNc=
28,6,eNCayiM35RjncENs0JLgY5nHlx0=,0zqA20fmwDKvuiv2k1Zq5BNbNVg=
24,6,eNCayiM35RjncENs0JLgY5nHlx0=,v10ZD4o17woal76Vt96yJGfPLNc=
28,5,eNCayiM35RjncENs0JLgY5nHlx0=,0zqA20fmwDKvuiv2k1Zq5BNbNVg=
26,6,eNCayiM35RjncENs0JLgY5nHlx0=,v10ZD4o17woal76Vt96yJGfPLNc=
29,5,eNCayiM35RjncENs0JLgY5nHlx0=,0zqA20fmwDKvuiv2k1Zq5BNbNVg=
27,5,eNCayiM35RjncENs0JLgY5nHlx0=,v10ZD4o17woal76Vt96yJGfPLNc=
30,1,eNCayiM35RjncENs0JLgY5nHlx0=,dcnGuDaWVSk9/TWykLsG+OTN8SQ=
29,1,eNCayiM35RjncENs0JLgY5nHlx0=,dcnGuDaWVSk9/TWykLsG+OTN8SQ=
24,5,eNCayiM35RjncENs0JLgY5nHlx0=,v10ZD4o17woal76Vt96yJGfPLNc=
23,5,eNCayiM35RjncENs0JLgY5nHlx0=,B/91L46+7gesE1Eqs5XcipC0Keg=
30,5,eNCayiM35RjncENs0JLgY5nHlx0=,0zqA20fmwDKvuiv2k1Zq5BNbNVg=
30,2,eNCayiM35RjncENs0JLgY5nHlx0=,dcnGuDaWVSk9/TWykLsG+OTN8SQ=
25,6,eNCayiM35RjncENs0JLgY5nHlx0=,v10ZD4o17woal76Vt96yJGfPLNc=
26,5,eNCayiM35RjncENs0JLgY5nHlx0=,v10ZD4o17woal76Vt96yJGfPLNc=
29,2,eNCayiM35RjncENs0JLgY5nHlx0=,dcnGuDaWVSk9/TWykLsG+OTN8SQ=
25,5,eNCayiM35RjncENs0JLgY5nHlx0=,v10ZD4o17woal76Vt96yJGfPLNc=
29,3,eNCayiM35RjncENs0JLgY5nHlx0=,dcnGuDaWVSk9/TWykLsG+OTN8SQ=
30,3,eNCayiM35RjncENs0JLgY5nHlx0=,dcnGuDaWVSk9/TWykLsG+OTN8SQ=
28,2,eNCayiM35RjncENs0JLgY5nHlx0=,dcnGuDaWVSk9/TWykLsG+OTN8SQ=
23,1,eNCayiM35RjncENs0JLgY5nHlx0=,lVCPCvoZDLhWCtOehxMC0WvKy1Q=
28,1,eNCayiM35RjncENs0JLgY5nHlx0=,dcnGuDaWVSk9/TWykLsG+OTN8SQ=
24,1,eNCayiM35RjncENs0JLgY5nHlx0=,Ijt5TLSM92mCFUV38ZZNinyuL5c=
27,1,eNCayiM35RjncENs0JLgY5nHlx0=,Ijt5TLSM92mCFUV38ZZNinyuL5c=
27,2,eNCayiM35RjncENs0JLgY5nHlx0=,Ijt5TLSM92mCFUV38ZZNinyuL5c=
26,1,eNCayiM35RjncENs0JLgY5nHlx0=,Ijt5TLSM92mCFUV38ZZNinyuL5c=
23,2,eNCayiM35RjncENs0JLgY5nHlx0=,lVCPCvoZDLhWCtOehxMC0WvKy1Q=
29,4,eNCayiM35RjncENs0JLgY5nHlx0=,0zqA20fmwDKvuiv2k1Zq5BNbNVg=
30,4,eNCayiM35RjncENs0JLgY5nHlx0=,0zqA20fmwDKvuiv2k1Zq5BNbNVg=
23,4,eNCayiM35RjncENs0JLgY5nHlx0=,B/91L46+7gesE1Eqs5XcipC0Keg=
26,2,eNCayiM35RjncENs0JLgY5nHlx0=,Ijt5TLSM92mCFUV38ZZNinyuL5c=
24,2,eNCayiM35RjncENs0JLgY5nHlx0=,Ijt5TLSM92mCFUV38ZZNinyuL5c=
28,3,eNCayiM35RjncENs0JLgY5nHlx0=,dcnGuDaWVSk9/TWykLsG+OTN8SQ=
24,4,eNCayiM35RjncENs0JLgY5nHlx0=,v10ZD4o17woal76Vt96yJGfPLNc=
25,4,eNCayiM35RjncENs0JLgY5nHlx0=,v10ZD4o17woal76Vt96yJGfPLNc=
25,2,eNCayiM35RjncENs0JLgY5nHlx0=,Ijt5TLSM92mCFUV38ZZNinyuL5c=
27,4,eNCayiM35RjncENs0JLgY5nHlx0=,v10ZD4o17woal76Vt96yJGfPLNc=
26,4,eNCayiM35RjncENs0JLgY5nHlx0=,v10ZD4o17woal76Vt96yJGfPLNc=
27,3,eNCayiM35RjncENs0JLgY5nHlx0=,Ijt5TLSM92mCFUV38ZZNinyuL5c=
24,3,eNCayiM35RjncENs0JLgY5nHlx0=,Ijt5TLSM92mCFUV38ZZNinyuL5c=
26,3,eNCayiM35RjncENs0JLgY5nHlx0=,Ijt5TLSM92mCFUV38ZZNinyuL5c=
28,4,eNCayiM35RjncENs0JLgY5nHlx0=,0zqA20fmwDKvuiv2k1Zq5BNbNVg=
25,1,eNCayiM35RjncENs0JLgY5nHlx0=,Ijt5TLSM92mCFUV38ZZNinyuL5c=
23,3,eNCayiM35RjncENs0JLgY5nHlx0=,lVCPCvoZDLhWCtOehxMC0WvKy1Q=
25,3,eNCayiM35RjncENs0JLgY5nHlx0=,Ijt5TLSM92mCFUV38ZZNinyuL5c=
25,7,eNCayiM35RjncENs0JLgY5nHlx0=,v10ZD4o17woal76Vt96yJGfPLNc=
26,7,eNCayiM35RjncENs0JLgY5nHlx0=,v10ZD4o17woal76Vt96yJGfPLNc=
31,4,eNCayiM35RjncENs0JLgY5nHlx0=,0zqA20fmwDKvuiv2k1Zq5BNbNVg=
31,1,eNCayiM35RjncENs0JLgY5nHlx0=,dcnGuDaWVSk9/TWykLsG+OTN8SQ=
31,2,eNCayiM35RjncENs0JLgY5nHlx0=,dcnGuDaWVSk9/TWykLsG+OTN8SQ=
31,6,eNCayiM35RjncENs0JLgY5nHlx0=,0zqA20fmwDKvuiv2k1Zq5BNbNVg=
30,0,eNCayiM35RjncENs0JLgY5nHlx0=,dcnGuDaWVSk9/TWykLsG+OTN8SQ=
31,5,eNCayiM35RjncENs0JLgY5nHlx0=,0zqA20fmwDKvuiv2k1Zq5BNbNVg=
29,0,eNCayiM35RjncENs0JLgY5nHlx0=,dcnGuDaWVSk9/TWykLsG+OTN8SQ=
31,3,eNCayiM35RjncENs0JLgY5nHlx0=,dcnGuDaWVSk9/TWykLsG+OTN8SQ=
26,0,eNCayiM35RjncENs0JLgY5nHlx0=,Ijt5TLSM92mCFUV38ZZNinyuL5c=
27,0,eNCayiM35RjncENs0JLgY5nHlx0=,Ijt5TLSM92mCFUV38ZZNinyuL5c=
25,0,eNCayiM35RjncENs0JLgY5nHlx0=,Ijt5TLSM92mCFUV38ZZNinyuL5c=
28,0,eNCayiM35RjncENs0JLgY5nHlx0=,dcnGuDaWVSk9/TWykLsG+OTN8SQ=
18,14,eNCayiM35RjncENs0JLgY5nHlx0=,eqGbs8DwId0Bzbtqp1781/CPZ/c=
18,13,eNCayiM35RjncENs0JLgY5nHlx0=,eqGbs8DwId0Bzbtqp1781/CPZ/c=
17,13,eNCayiM35RjncENs0JLgY5nHlx0=,eqGbs8DwId0Bzbtqp1781/CPZ/c=
18,7,eNCayiM35RjncENs0JLgY5nHlx0=,2PJZpSTTGpVFkePePCRPxv9UKyI=
18,12,eNCayiM35RjncENs0JLgY5nHlx0=,eqGbs8DwId0Bzbtqp1781/CPZ/c=
17,7,eNCayiM35RjncENs0JLgY5nHlx0=,2PJZpSTTGpVFkePePCRPxv9UKyI=
18,10,eNCayiM35RjncENs0JLgY5nHlx0=,OcO0qSbz5t8cC8rLBie1hQ/gDfM=
17,14,eNCayiM35RjncENs0JLgY5nHlx0=,eqGbs8DwId0Bzbtqp1781/CPZ/c=
17,11,eNCayiM35RjncENs0JLgY5nHlx0=,OcO0qSbz5t8cC8rLBie1hQ/gDfM=
17,9,eNCayiM35RjncENs0JLgY5nHlx0=,OcO0qSbz5t8cC8rLBie1hQ/gDfM=
17,10,eNCayiM35RjncENs0JLgY5nHlx0=,OcO0qSbz5t8cC8rLBie1hQ/gDfM=
17,12,eNCayiM35RjncENs0JLgY5nHlx0=,eqGbs8DwId0Bzbtqp1781/CPZ/c=
18,9,eNCayiM35RjncENs0JLgY5nHlx0=,OcO0qSbz5t8cC8rLBie1hQ/gDfM=
18,11,eNCayiM35RjncENs0JLgY5nHlx0=,OcO0qSbz5t8cC8rLBie1hQ/gDfM=
17,8,eNCayiM35RjncENs0JLgY5nHlx0=,OcO0qSbz5t8cC8rLBie1hQ/gDfM=
18,8,eNCayiM35RjncENs0JLgY5nHlx0=,OcO0qSbz5t8cC8rLBie1hQ/gDfM=
24,7,eNCayiM35RjncENs0JLgY5nHlx0=,v10ZD4o17woal76Vt96yJGfPLNc=
19,7,eNCayiM35RjncENs0JLgY5nHlx0=,2PJZpSTTGpVFkePePCRPxv9UKyI=
23,7,eNCayiM35RjncENs0JLgY5nHlx0=,B/91L46+7gesE1Eqs5XcipC0Keg=
19,9,eNCayiM35RjncENs0JLgY5nHlx0=,OcO0qSbz5t8cC8rLBie1hQ/gDfM=
21,7,eNCayiM35RjncENs0JLgY5nHlx0=,B/91L46+7gesE1Eqs5XcipC0Keg=
19,8,eNCayiM35RjncENs0JLgY5nHlx0=,OcO0qSbz5t8cC8rLBie1hQ/gDfM=
22,7,eNCayiM35RjncENs0JLgY5nHlx0=,B/91L46+7gesE1Eqs5XcipC0Keg=
19,10,eNCayiM35RjncENs0JLgY5nHlx0=,OcO0qSbz5t8cC8rLBie1hQ/gDfM=
20,7,eNCayiM35RjncENs0JLgY5nHlx0=,B/91L46+7gesE1Eqs5XcipC0Keg=
18,15,eNCayiM35RjncENs0JLgY5nHlx0=,eqGbs8DwId0Bzbtqp1781/CPZ/c=
17,15,eNCayiM35RjncENs0JLgY5nHlx0=,eqGbs8DwId0Bzbtqp1781/CPZ/c=
16,13,eNCayiM35RjncENs0JLgY5nHlx0=,eqGbs8DwId0Bzbtqp1781/CPZ/c=
16,14,eNCayiM35RjncENs0JLgY5nHlx0=,eqGbs8DwId0Bzbtqp1781/CPZ/c=
16,9,eNCayiM35RjncENs0JLgY5nHlx0=,OcO0qSbz5t8cC8rLBie1hQ/gDfM=
16,10,eNCayiM35RjncENs0JLgY5nHlx0=,OcO0qSbz5t8cC8rLBie1hQ/gDfM=
16,11,eNCayiM35RjncENs0JLgY5nHlx0=,OcO0qSbz5t8cC8rLBie1hQ/gDfM=
16,12,eNCayiM35RjncENs0JLgY5nHlx0=,eqGbs8DwId0Bzbtqp1781/CPZ/c=
31,0,eNCayiM35RjncENs0JLgY5nHlx0=,dcnGuDaWVSk9/TWykLsG+OTN8SQ=
16,7,eNCayiM35RjncENs0JLgY5nHlx0=,2PJZpSTTGpVFkePePCRPxv9UKyI=
16,8,eNCayiM35RjncENs0JLgY5nHlx0=,OcO0qSbz5t8cC8rLBie1hQ/gDfM=
16,6,eNCayiM35RjncENs0JLgY5nHlx0=,2PJZpSTTGpVFkePePCRPxv9UKyI=
16,5,eNCayiM35RjncENs0JLgY5nHlx0=,2PJZpSTTGpVFkePePCRPxv9UKyI=
16,2,eNCayiM35RjncENs0JLgY5nHlx0=,/2MVMEVMvbxHW60HGa7Y2BD9SuY=
16,1,eNCayiM35RjncENs0JLgY5nHlx0=,/2MVMEVMvbxHW60HGa7Y2BD9SuY=
16,4,eNCayiM35RjncENs0JLgY5nHlx0=,2PJZpSTTGpVFkePePCRPxv9UKyI=
16,3,eNCayiM35RjncENs0JLgY5nHlx0=,/2MVMEVMvbxHW60HGa7Y2BD9SuY=
17,0,eNCayiM35RjncENs0JLgY5nHlx0=,/2MVMEVMvbxHW60HGa7Y2BD9SuY=
16,15,eNCayiM35RjncENs0JLgY5nHlx0=,eqGbs8DwId0Bzbtqp1781/CPZ/c=
18,0,eNCayiM35RjncENs0JLgY5nHlx0=,/2MVMEVMvbxHW60HGa7Y2BD9SuY=
27,7,eNCayiM35RjncENs0JLgY5nHlx0=,v10ZD4o17woal76Vt96yJGfPLNc=
28,7,eNCayiM35RjncENs0JLgY5nHlx0=,0zqA20fmwDKvuiv2k1Zq5BNbNVg=
29,7,eNCayiM35RjncENs0JLgY5nHlx0=,0zqA20fmwDKvuiv2k1Zq5BNbNVg=
30,7,eNCayiM35RjncENs0JLgY5nHlx0=,0zqA20fmwDKvuiv2k1Zq5BNbNVg=
19,14,eNCayiM35RjncENs0JLgY5nHlx0=,eqGbs8DwId0Bzbtqp1781/CPZ/c=
19,13,eNCayiM35RjncENs0JLgY5nHlx0=,eqGbs8DwId0Bzbtqp1781/CPZ/c=
19,12,eNCayiM35RjncENs0JLgY5nHlx0=,eqGbs8DwId0Bzbtqp1781/CPZ/c=
19,11,eNCayiM35RjncENs0JLgY5nHlx0=,OcO0qSbz5t8cC8rLBie1hQ/gDfM=
19,15,eNCayiM35RjncENs0JLgY5nHlx0=,eqGbs8DwId0Bzbtqp1781/CPZ/c=
24,0,eNCayiM35RjncENs0JLgY5nHlx0=,Ijt5TLSM92mCFUV38ZZNinyuL5c=
19,0,eNCayiM35RjncENs0JLgY5nHlx0=,/2MVMEVMvbxHW60HGa7Y2BD9SuY=
23,0,eNCayiM35RjncENs0JLgY5nHlx0=,lVCPCvoZDLhWCtOehxMC0WvKy1Q=
22,0,eNCayiM35RjncENs0JLgY5nHlx0=,lVCPCvoZDLhWCtOehxMC0WvKy1Q=
20,0,eNCayiM35RjncENs0JLgY5nHlx0=,lVCPCvoZDLhWCtOehxMC0WvKy1Q=
21,0,eNCayiM35RjncENs0JLgY5nHlx0=,lVCPCvoZDLhWCtOehxMC0WvKy1Q=
31,7,eNCayiM35RjncENs0JLgY5nHlx0=,0zqA20fmwDKvuiv2k1Zq5BNbNVg=
16,0,eNCayiM35RjncENs0JLgY5nHlx0=,/2MVMEVMvbxHW60HGa7Y2BD9SuY=
