147,-131,rnov94bU5cbd8q5+0u7T9tDRwwY=,slju3Zj08KtEmsD99le8RXD5uBg=
146,-131,qzcQLz3IuZdYbBoBja7MXzio4jg=,slju3Zj08KtEmsD99le8RXD5uBg=
148,-131,qzcQLz3IuZdYbBoBja7MXzio4jg=,slju3Zj08KtEmsD99le8RXD5uBg=
148,-132,qzcQLz3IuZdYbBoBja7MXzio4jg=,slju3Zj08KtEmsD99le8RXD5uBg=
144,-131,qzcQLz3IuZdYbBoBja7MXzio4jg=,slju3Zj08KtEmsD99le8RXD5uBg=
145,-131,qzcQLz3IuZdYbBoBja7MXzio4jg=,slju3Zj08KtEmsD99le8RXD5uBg=
146,-132,qzcQLz3IuZdYbBoBja7MXzio4jg=,slju3Zj08KtEmsD99le8RXD5uBg=
145,-132,qzcQLz3IuZdYbBoBja7MXzio4jg=,slju3Zj08KtEmsD99le8RXD5uBg=
147,-132,qzcQLz3IuZdYbBoBja7MXzio4jg=,slju3Zj08KtEmsD99le8RXD5uBg=
148,-133,qzcQLz3IuZdYbBoBja7MXzio4jg=,slju3Zj08KtEmsD99le8RXD5uBg=
147,-133,qzcQLz3IuZdYbBoBja7MXzio4jg=,slju3Zj08KtEmsD99le8RXD5uBg=
144,-132,qzcQLz3IuZdYbBoBja7MXzio4jg=,slju3Zj08KtEmsD99le8RXD5uBg=
146,-133,qzcQLz3IuZdYbBoBja7MXzio4jg=,slju3Zj08KtEmsD99le8RXD5uBg=
145,-133,qzcQLz3IuZdYbBoBja7MXzio4jg=,slju3Zj08KtEmsD99le8RXD5uBg=
151,-134,qzcQLz3IuZdYbBoBja7MXzio4jg=,slju3Zj08KtEmsD99le8RXD5uBg=
144,-133,qzcQLz3IuZdYbBoBja7MXzio4jg=,slju3Zj08KtEmsD99le8RXD5uBg=
148,-134,qzcQLz3IuZdYbBoBja7MXzio4jg=,slju3Zj08KtEmsD99le8RXD5uBg=
145,-134,qzcQLz3IuZdYbBoBja7MXzio4jg=,slju3Zj08KtEmsD99le8RXD5uBg=
147,-134,qzcQLz3IuZdYbBoBja7MXzio4jg=,slju3Zj08KtEmsD99le8RXD5uBg=
144,-134,qzcQLz3IuZdYbBoBja7MXzio4jg=,slju3Zj08KtEmsD99le8RXD5uBg=
148,-135,qzcQLz3IuZdYbBoBja7MXzio4jg=,slju3Zj08KtEmsD99le8RXD5uBg=
146,-134,qzcQLz3IuZdYbBoBja7MXzio4jg=,slju3Zj08KtEmsD99le8RXD5uBg=
147,-135,qzcQLz3IuZdYbBoBja7MXzio4jg=,slju3Zj08KtEmsD99le8RXD5uBg=
146,-135,qzcQLz3IuZdYbBoBja7MXzio4jg=,slju3Zj08KtEmsD99le8RXD5uBg=
145,-135,qzcQLz3IuZdYbBoBja7MXzio4jg=,slju3Zj08KtEmsD99le8RXD5uBg=
151,-132,qzcQLz3IuZdYbBoBja7MXzio4jg=,slju3Zj08KtEmsD99le8RXD5uBg=
144,-135,qzcQLz3IuZdYbBoBja7MXzio4jg=,slju3Zj08KtEmsD99le8RXD5uBg=
151,-129,qzcQLz3IuZdYbBoBja7MXzio4jg=,slju3Zj08KtEmsD99le8RXD5uBg=
151,-133,qzcQLz3IuZdYbBoBja7MXzio4jg=,slju3Zj08KtEmsD99le8RXD5uBg=
147,-129,qzcQLz3IuZdYbBoBja7MXzio4jg=,slju3Zj08KtEmsD99le8RXD5uBg=
146,-129,qzcQLz3IuZdYbBoBja7MXzio4jg=,slju3Zj08KtEmsD99le8RXD5uBg=
145,-129,qzcQLz3IuZdYbBoBja7MXzio4jg=,slju3Zj08KtEmsD99le8RXD5uBg=
144,-129,qzcQLz3IuZdYbBoBja7MXzio4jg=,slju3Zj08KtEmsD99le8RXD5uBg=
151,-130,qzcQLz3IuZdYbBoBja7MXzio4jg=,slju3Zj08KtEmsD99le8RXD5uBg=
148,-130,qzcQLz3IuZdYbBoBja7MXzio4jg=,slju3Zj08KtEmsD99le8RXD5uBg=
147,-130,qzcQLz3IuZdYbBoBja7MXzio4jg=,slju3Zj08KtEmsD99le8RXD5uBg=
145,-130,qzcQLz3IuZdYbBoBja7MXzio4jg=,slju3Zj08KtEmsD99le8RXD5uBg=
146,-130,qzcQLz3IuZdYbBoBja7MXzio4jg=,slju3Zj08KtEmsD99le8RXD5uBg=
144,-130,qzcQLz3IuZdYbBoBja7MXzio4jg=,slju3Zj08KtEmsD99le8RXD5uBg=
151,-131,qzcQLz3IuZdYbBoBja7MXzio4jg=,slju3Zj08KtEmsD99le8RXD5uBg=
148,-129,qzcQLz3IuZdYbBoBja7MXzio4jg=,slju3Zj08KtEmsD99le8RXD5uBg=
150,-129,qzcQLz3IuZdYbBoBja7MXzio4jg=,slju3Zj08KtEmsD99le8RXD5uBg=
151,-135,qzcQLz3IuZdYbBoBja7MXzio4jg=,slju3Zj08KtEmsD99le8RXD5uBg=
149,-134,qzcQLz3IuZdYbBoBja7MXzio4jg=,slju3Zj08KtEmsD99le8RXD5uBg=
149,-132,qzcQLz3IuZdYbBoBja7MXzio4jg=,slju3Zj08KtEmsD99le8RXD5uBg=
149,-133,qzcQLz3IuZdYbBoBja7MXzio4jg=,slju3Zj08KtEmsD99le8RXD5uBg=
149,-131,qzcQLz3IuZdYbBoBja7MXzio4jg=,slju3Zj08KtEmsD99le8RXD5uBg=
150,-132,qzcQLz3IuZdYbBoBja7MXzio4jg=,slju3Zj08KtEmsD99le8RXD5uBg=
150,-130,qzcQLz3IuZdYbBoBja7MXzio4jg=,slju3Zj08KtEmsD99le8RXD5uBg=
149,-135,qzcQLz3IuZdYbBoBja7MXzio4jg=,slju3Zj08KtEmsD99le8RXD5uBg=
150,-134,qzcQLz3IuZdYbBoBja7MXzio4jg=,slju3Zj08KtEmsD99le8RXD5uBg=
149,-129,qzcQLz3IuZdYbBoBja7MXzio4jg=,slju3Zj08KtEmsD99le8RXD5uBg=
149,-130,qzcQLz3IuZdYbBoBja7MXzio4jg=,slju3Zj08KtEmsD99le8RXD5uBg=
150,-133,qzcQLz3IuZdYbBoBja7MXzio4jg=,slju3Zj08KtEmsD99le8RXD5uBg=
150,-135,qzcQLz3IuZdYbBoBja7MXzio4jg=,slju3Zj08KtEmsD99le8RXD5uBg=
150,-131,qzcQLz3IuZdYbBoBja7MXzio4jg=,slju3Zj08KtEmsD99le8RXD5uBg=
149,-142,qzcQLz3IuZdYbBoBja7MXzio4jg=,vc0uA0hFJCOrMnAS+jI6V0ZDMfE=
146,-137,qzcQLz3IuZdYbBoBja7MXzio4jg=,vc0uA0hFJCOrMnAS+jI6V0ZDMfE=
147,-137,qzcQLz3IuZdYbBoBja7MXzio4jg=,vc0uA0hFJCOrMnAS+jI6V0ZDMfE=
144,-137,qzcQLz3IuZdYbBoBja7MXzio4jg=,vc0uA0hFJCOrMnAS+jI6V0ZDMfE=
145,-141,qzcQLz3IuZdYbBoBja7MXzio4jg=,vc0uA0hFJCOrMnAS+jI6V0ZDMfE=
145,-143,qzcQLz3IuZdYbBoBja7MXzio4jg=,vc0uA0hFJCOrMnAS+jI6V0ZDMfE=
145,-137,qzcQLz3IuZdYbBoBja7MXzio4jg=,vc0uA0hFJCOrMnAS+jI6V0ZDMfE=
150,-143,qzcQLz3IuZdYbBoBja7MXzio4jg=,vc0uA0hFJCOrMnAS+jI6V0ZDMfE=
151,-144,qzcQLz3IuZdYbBoBja7MXzio4jg=,vc0uA0hFJCOrMnAS+jI6V0ZDMfE=
151,-143,qzcQLz3IuZdYbBoBja7MXzio4jg=,vc0uA0hFJCOrMnAS+jI6V0ZDMfE=
146,-138,qzcQLz3IuZdYbBoBja7MXzio4jg=,vc0uA0hFJCOrMnAS+jI6V0ZDMfE=
147,-138,qzcQLz3IuZdYbBoBja7MXzio4jg=,vc0uA0hFJCOrMnAS+jI6V0ZDMfE=
144,-138,qzcQLz3IuZdYbBoBja7MXzio4jg=,vc0uA0hFJCOrMnAS+jI6V0ZDMfE=
151,-136,qzcQLz3IuZdYbBoBja7MXzio4jg=,slju3Zj08KtEmsD99le8RXD5uBg=
148,-137,qzcQLz3IuZdYbBoBja7MXzio4jg=,vc0uA0hFJCOrMnAS+jI6V0ZDMfE=
150,-142,qzcQLz3IuZdYbBoBja7MXzio4jg=,vc0uA0hFJCOrMnAS+jI6V0ZDMfE=
147,-139,qzcQLz3IuZdYbBoBja7MXzio4jg=,vc0uA0hFJCOrMnAS+jI6V0ZDMfE=
148,-136,qzcQLz3IuZdYbBoBja7MXzio4jg=,slju3Zj08KtEmsD99le8RXD5uBg=
149,-144,qzcQLz3IuZdYbBoBja7MXzio4jg=,vc0uA0hFJCOrMnAS+jI6V0ZDMfE=
147,-136,qzcQLz3IuZdYbBoBja7MXzio4jg=,slju3Zj08KtEmsD99le8RXD5uBg=
146,-139,qzcQLz3IuZdYbBoBja7MXzio4jg=,vc0uA0hFJCOrMnAS+jI6V0ZDMfE=
146,-136,qzcQLz3IuZdYbBoBja7MXzio4jg=,slju3Zj08KtEmsD99le8RXD5uBg=
145,-136,qzcQLz3IuZdYbBoBja7MXzio4jg=,slju3Zj08KtEmsD99le8RXD5uBg=
151,-139,qzcQLz3IuZdYbBoBja7MXzio4jg=,vc0uA0hFJCOrMnAS+jI6V0ZDMfE=
144,-136,qzcQLz3IuZdYbBoBja7MXzio4jg=,slju3Zj08KtEmsD99le8RXD5uBg=
145,-139,qzcQLz3IuZdYbBoBja7MXzio4jg=,vc0uA0hFJCOrMnAS+jI6V0ZDMfE=
148,-138,qzcQLz3IuZdYbBoBja7MXzio4jg=,vc0uA0hFJCOrMnAS+jI6V0ZDMfE=
144,-139,qzcQLz3IuZdYbBoBja7MXzio4jg=,vc0uA0hFJCOrMnAS+jI6V0ZDMfE=
151,-140,qzcQLz3IuZdYbBoBja7MXzio4jg=,vc0uA0hFJCOrMnAS+jI6V0ZDMfE=
144,-142,qzcQLz3IuZdYbBoBja7MXzio4jg=,vc0uA0hFJCOrMnAS+jI6V0ZDMfE=
145,-144,qzcQLz3IuZdYbBoBja7MXzio4jg=,vc0uA0hFJCOrMnAS+jI6V0ZDMfE=
149,-143,qzcQLz3IuZdYbBoBja7MXzio4jg=,vc0uA0hFJCOrMnAS+jI6V0ZDMfE=
148,-144,qzcQLz3IuZdYbBoBja7MXzio4jg=,vc0uA0hFJCOrMnAS+jI6V0ZDMfE=
145,-142,qzcQLz3IuZdYbBoBja7MXzio4jg=,vc0uA0hFJCOrMnAS+jI6V0ZDMfE=
146,-140,qzcQLz3IuZdYbBoBja7MXzio4jg=,vc0uA0hFJCOrMnAS+jI6V0ZDMfE=
145,-140,qzcQLz3IuZdYbBoBja7MXzio4jg=,vc0uA0hFJCOrMnAS+jI6V0ZDMfE=
144,-140,qzcQLz3IuZdYbBoBja7MXzio4jg=,vc0uA0hFJCOrMnAS+jI6V0ZDMfE=
151,-141,qzcQLz3IuZdYbBoBja7MXzio4jg=,vc0uA0hFJCOrMnAS+jI6V0ZDMfE=
144,-141,qzcQLz3IuZdYbBoBja7MXzio4jg=,vc0uA0hFJCOrMnAS+jI6V0ZDMfE=
144,-143,qzcQLz3IuZdYbBoBja7MXzio4jg=,vc0uA0hFJCOrMnAS+jI6V0ZDMfE=
151,-142,qzcQLz3IuZdYbBoBja7MXzio4jg=,vc0uA0hFJCOrMnAS+jI6V0ZDMfE=
144,-144,qzcQLz3IuZdYbBoBja7MXzio4jg=,vc0uA0hFJCOrMnAS+jI6V0ZDMfE=
150,-141,qzcQLz3IuZdYbBoBja7MXzio4jg=,vc0uA0hFJCOrMnAS+jI6V0ZDMfE=
148,-143,qzcQLz3IuZdYbBoBja7MXzio4jg=,vc0uA0hFJCOrMnAS+jI6V0ZDMfE=
151,-138,qzcQLz3IuZdYbBoBja7MXzio4jg=,vc0uA0hFJCOrMnAS+jI6V0ZDMfE=
145,-138,qzcQLz3IuZdYbBoBja7MXzio4jg=,vc0uA0hFJCOrMnAS+jI6V0ZDMfE=
150,-144,qzcQLz3IuZdYbBoBja7MXzio4jg=,vc0uA0hFJCOrMnAS+jI6V0ZDMfE=
151,-137,qzcQLz3IuZdYbBoBja7MXzio4jg=,vc0uA0hFJCOrMnAS+jI6V0ZDMfE=
147,-140,qzcQLz3IuZdYbBoBja7MXzio4jg=,vc0uA0hFJCOrMnAS+jI6V0ZDMfE=
147,-144,qzcQLz3IuZdYbBoBja7MXzio4jg=,vc0uA0hFJCOrMnAS+jI6V0ZDMfE=
148,-139,qzcQLz3IuZdYbBoBja7MXzio4jg=,vc0uA0hFJCOrMnAS+jI6V0ZDMfE=
146,-141,qzcQLz3IuZdYbBoBja7MXzio4jg=,vc0uA0hFJCOrMnAS+jI6V0ZDMfE=
149,-136,qzcQLz3IuZdYbBoBja7MXzio4jg=,slju3Zj08KtEmsD99le8RXD5uBg=
148,-142,qzcQLz3IuZdYbBoBja7MXzio4jg=,vc0uA0hFJCOrMnAS+jI6V0ZDMfE=
146,-143,qzcQLz3IuZdYbBoBja7MXzio4jg=,vc0uA0hFJCOrMnAS+jI6V0ZDMfE=
150,-138,qzcQLz3IuZdYbBoBja7MXzio4jg=,vc0uA0hFJCOrMnAS+jI6V0ZDMfE=
149,-141,qzcQLz3IuZdYbBoBja7MXzio4jg=,vc0uA0hFJCOrMnAS+jI6V0ZDMfE=
146,-144,qzcQLz3IuZdYbBoBja7MXzio4jg=,vc0uA0hFJCOrMnAS+jI6V0ZDMfE=
150,-137,qzcQLz3IuZdYbBoBja7MXzio4jg=,vc0uA0hFJCOrMnAS+jI6V0ZDMfE=
150,-140,qzcQLz3IuZdYbBoBja7MXzio4jg=,vc0uA0hFJCOrMnAS+jI6V0ZDMfE=
149,-137,qzcQLz3IuZdYbBoBja7MXzio4jg=,vc0uA0hFJCOrMnAS+jI6V0ZDMfE=
147,-141,qzcQLz3IuZdYbBoBja7MXzio4jg=,vc0uA0hFJCOrMnAS+jI6V0ZDMfE=
148,-140,qzcQLz3IuZdYbBoBja7MXzio4jg=,vc0uA0hFJCOrMnAS+jI6V0ZDMfE=
146,-142,qzcQLz3IuZdYbBoBja7MXzio4jg=,vc0uA0hFJCOrMnAS+jI6V0ZDMfE=
147,-142,qzcQLz3IuZdYbBoBja7MXzio4jg=,vc0uA0hFJCOrMnAS+jI6V0ZDMfE=
150,-136,qzcQLz3IuZdYbBoBja7MXzio4jg=,slju3Zj08KtEmsD99le8RXD5uBg=
149,-138,qzcQLz3IuZdYbBoBja7MXzio4jg=,vc0uA0hFJCOrMnAS+jI6V0ZDMfE=
148,-141,qzcQLz3IuZdYbBoBja7MXzio4jg=,vc0uA0hFJCOrMnAS+jI6V0ZDMfE=
147,-143,qzcQLz3IuZdYbBoBja7MXzio4jg=,vc0uA0hFJCOrMnAS+jI6V0ZDMfE=
150,-139,qzcQLz3IuZdYbBoBja7MXzio4jg=,vc0uA0hFJCOrMnAS+jI6V0ZDMfE=
149,-139,qzcQLz3IuZdYbBoBja7MXzio4jg=,vc0uA0hFJCOrMnAS+jI6V0ZDMfE=
149,-140,qzcQLz3IuZdYbBoBja7MXzio4jg=,vc0uA0hFJCOrMnAS+jI6V0ZDMfE=
145,-145,yzpcbnnDUtn2qc3T6dmp0kkavuo=,6DecloJLsJJ4xOd3qLs9PGhOXPI=
151,-146,yzpcbnnDUtn2qc3T6dmp0kkavuo=,6DecloJLsJJ4xOd3qLs9PGhOXPI=
148,-146,yzpcbnnDUtn2qc3T6dmp0kkavuo=,6DecloJLsJJ4xOd3qLs9PGhOXPI=
148,-145,yzpcbnnDUtn2qc3T6dmp0kkavuo=,6DecloJLsJJ4xOd3qLs9PGhOXPI=
144,-146,yzpcbnnDUtn2qc3T6dmp0kkavuo=,6DecloJLsJJ4xOd3qLs9PGhOXPI=
149,-145,yzpcbnnDUtn2qc3T6dmp0kkavuo=,6DecloJLsJJ4xOd3qLs9PGhOXPI=
151,-147,yzpcbnnDUtn2qc3T6dmp0kkavuo=,6DecloJLsJJ4xOd3qLs9PGhOXPI=
145,-146,yzpcbnnDUtn2qc3T6dmp0kkavuo=,6DecloJLsJJ4xOd3qLs9PGhOXPI=
149,-146,yzpcbnnDUtn2qc3T6dmp0kkavuo=,6DecloJLsJJ4xOd3qLs9PGhOXPI=
148,-147,yzpcbnnDUtn2qc3T6dmp0kkavuo=,6DecloJLsJJ4xOd3qLs9PGhOXPI=
150,-145,yzpcbnnDUtn2qc3T6dmp0kkavuo=,6DecloJLsJJ4xOd3qLs9PGhOXPI=
150,-147,yzpcbnnDUtn2qc3T6dmp0kkavuo=,6DecloJLsJJ4xOd3qLs9PGhOXPI=
149,-147,yzpcbnnDUtn2qc3T6dmp0kkavuo=,6DecloJLsJJ4xOd3qLs9PGhOXPI=
150,-146,yzpcbnnDUtn2qc3T6dmp0kkavuo=,6DecloJLsJJ4xOd3qLs9PGhOXPI=
144,-147,yzpcbnnDUtn2qc3T6dmp0kkavuo=,6DecloJLsJJ4xOd3qLs9PGhOXPI=
151,-145,yzpcbnnDUtn2qc3T6dmp0kkavuo=,6DecloJLsJJ4xOd3qLs9PGhOXPI=
144,-151,yzpcbnnDUtn2qc3T6dmp0kkavuo=,6DecloJLsJJ4xOd3qLs9PGhOXPI=
150,-148,yzpcbnnDUtn2qc3T6dmp0kkavuo=,6DecloJLsJJ4xOd3qLs9PGhOXPI=
144,-145,yzpcbnnDUtn2qc3T6dmp0kkavuo=,6DecloJLsJJ4xOd3qLs9PGhOXPI=
151,-148,yzpcbnnDUtn2qc3T6dmp0kkavuo=,6DecloJLsJJ4xOd3qLs9PGhOXPI=
149,-148,yzpcbnnDUtn2qc3T6dmp0kkavuo=,6DecloJLsJJ4xOd3qLs9PGhOXPI=
148,-148,yzpcbnnDUtn2qc3T6dmp0kkavuo=,6DecloJLsJJ4xOd3qLs9PGhOXPI=
144,-148,yzpcbnnDUtn2qc3T6dmp0kkavuo=,6DecloJLsJJ4xOd3qLs9PGhOXPI=
151,-149,yzpcbnnDUtn2qc3T6dmp0kkavuo=,6DecloJLsJJ4xOd3qLs9PGhOXPI=
150,-149,yzpcbnnDUtn2qc3T6dmp0kkavuo=,6DecloJLsJJ4xOd3qLs9PGhOXPI=
149,-149,yzpcbnnDUtn2qc3T6dmp0kkavuo=,6DecloJLsJJ4xOd3qLs9PGhOXPI=
148,-149,yzpcbnnDUtn2qc3T6dmp0kkavuo=,6DecloJLsJJ4xOd3qLs9PGhOXPI=
144,-149,yzpcbnnDUtn2qc3T6dmp0kkavuo=,6DecloJLsJJ4xOd3qLs9PGhOXPI=
151,-150,yzpcbnnDUtn2qc3T6dmp0kkavuo=,6DecloJLsJJ4xOd3qLs9PGhOXPI=
150,-150,yzpcbnnDUtn2qc3T6dmp0kkavuo=,6DecloJLsJJ4xOd3qLs9PGhOXPI=
149,-150,yzpcbnnDUtn2qc3T6dmp0kkavuo=,6DecloJLsJJ4xOd3qLs9PGhOXPI=
148,-150,yzpcbnnDUtn2qc3T6dmp0kkavuo=,6DecloJLsJJ4xOd3qLs9PGhOXPI=
147,-148,yzpcbnnDUtn2qc3T6dmp0kkavuo=,6DecloJLsJJ4xOd3qLs9PGhOXPI=
144,-150,yzpcbnnDUtn2qc3T6dmp0kkavuo=,6DecloJLsJJ4xOd3qLs9PGhOXPI=
151,-151,yzpcbnnDUtn2qc3T6dmp0kkavuo=,6DecloJLsJJ4xOd3qLs9PGhOXPI=
148,-151,yzpcbnnDUtn2qc3T6dmp0kkavuo=,6DecloJLsJJ4xOd3qLs9PGhOXPI=
149,-151,yzpcbnnDUtn2qc3T6dmp0kkavuo=,6DecloJLsJJ4xOd3qLs9PGhOXPI=
147,-147,yzpcbnnDUtn2qc3T6dmp0kkavuo=,6DecloJLsJJ4xOd3qLs9PGhOXPI=
150,-151,yzpcbnnDUtn2qc3T6dmp0kkavuo=,6DecloJLsJJ4xOd3qLs9PGhOXPI=
147,-149,yzpcbnnDUtn2qc3T6dmp0kkavuo=,6DecloJLsJJ4xOd3qLs9PGhOXPI=
147,-150,yzpcbnnDUtn2qc3T6dmp0kkavuo=,6DecloJLsJJ4xOd3qLs9PGhOXPI=
145,-151,yzpcbnnDUtn2qc3T6dmp0kkavuo=,6DecloJLsJJ4xOd3qLs9PGhOXPI=
147,-146,yzpcbnnDUtn2qc3T6dmp0kkavuo=,6DecloJLsJJ4xOd3qLs9PGhOXPI=
145,-148,yzpcbnnDUtn2qc3T6dmp0kkavuo=,6DecloJLsJJ4xOd3qLs9PGhOXPI=
145,-147,yzpcbnnDUtn2qc3T6dmp0kkavuo=,6DecloJLsJJ4xOd3qLs9PGhOXPI=
149,-154,yzpcbnnDUtn2qc3T6dmp0kkavuo=,dV8kNK7uee5nU5atSOae1pJR+xI=
151,-156,yzpcbnnDUtn2qc3T6dmp0kkavuo=,dV8kNK7uee5nU5atSOae1pJR+xI=
151,-157,yzpcbnnDUtn2qc3T6dmp0kkavuo=,dV8kNK7uee5nU5atSOae1pJR+xI=
150,-157,yzpcbnnDUtn2qc3T6dmp0kkavuo=,dV8kNK7uee5nU5atSOae1pJR+xI=
149,-155,yzpcbnnDUtn2qc3T6dmp0kkavuo=,dV8kNK7uee5nU5atSOae1pJR+xI=
148,-154,yzpcbnnDUtn2qc3T6dmp0kkavuo=,dV8kNK7uee5nU5atSOae1pJR+xI=
147,-145,yzpcbnnDUtn2qc3T6dmp0kkavuo=,6DecloJLsJJ4xOd3qLs9PGhOXPI=
150,-156,yzpcbnnDUtn2qc3T6dmp0kkavuo=,dV8kNK7uee5nU5atSOae1pJR+xI=
149,-156,yzpcbnnDUtn2qc3T6dmp0kkavuo=,dV8kNK7uee5nU5atSOae1pJR+xI=
149,-157,yzpcbnnDUtn2qc3T6dmp0kkavuo=,dV8kNK7uee5nU5atSOae1pJR+xI=
148,-156,yzpcbnnDUtn2qc3T6dmp0kkavuo=,dV8kNK7uee5nU5atSOae1pJR+xI=
146,-159,yzpcbnnDUtn2qc3T6dmp0kkavuo=,dV8kNK7uee5nU5atSOae1pJR+xI=
148,-157,yzpcbnnDUtn2qc3T6dmp0kkavuo=,dV8kNK7uee5nU5atSOae1pJR+xI=
144,-159,yzpcbnnDUtn2qc3T6dmp0kkavuo=,dV8kNK7uee5nU5atSOae1pJR+xI=
145,-159,yzpcbnnDUtn2qc3T6dmp0kkavuo=,dV8kNK7uee5nU5atSOae1pJR+xI=
146,-160,yzpcbnnDUtn2qc3T6dmp0kkavuo=,dV8kNK7uee5nU5atSOae1pJR+xI=
145,-149,yzpcbnnDUtn2qc3T6dmp0kkavuo=,6DecloJLsJJ4xOd3qLs9PGhOXPI=
150,-160,yzpcbnnDUtn2qc3T6dmp0kkavuo=,dV8kNK7uee5nU5atSOae1pJR+xI=
151,-160,yzpcbnnDUtn2qc3T6dmp0kkavuo=,dV8kNK7uee5nU5atSOae1pJR+xI=
147,-151,yzpcbnnDUtn2qc3T6dmp0kkavuo=,6DecloJLsJJ4xOd3qLs9PGhOXPI=
149,-160,yzpcbnnDUtn2qc3T6dmp0kkavuo=,dV8kNK7uee5nU5atSOae1pJR+xI=
148,-160,yzpcbnnDUtn2qc3T6dmp0kkavuo=,dV8kNK7uee5nU5atSOae1pJR+xI=
148,-153,yzpcbnnDUtn2qc3T6dmp0kkavuo=,dV8kNK7uee5nU5atSOae1pJR+xI=
144,-158,yzpcbnnDUtn2qc3T6dmp0kkavuo=,dV8kNK7uee5nU5atSOae1pJR+xI=
144,-157,yzpcbnnDUtn2qc3T6dmp0kkavuo=,dV8kNK7uee5nU5atSOae1pJR+xI=
151,-155,yzpcbnnDUtn2qc3T6dmp0kkavuo=,dV8kNK7uee5nU5atSOae1pJR+xI=
147,-157,yzpcbnnDUtn2qc3T6dmp0kkavuo=,dV8kNK7uee5nU5atSOae1pJR+xI=
149,-153,yzpcbnnDUtn2qc3T6dmp0kkavuo=,dV8kNK7uee5nU5atSOae1pJR+xI=
151,-158,yzpcbnnDUtn2qc3T6dmp0kkavuo=,dV8kNK7uee5nU5atSOae1pJR+xI=
151,-159,yzpcbnnDUtn2qc3T6dmp0kkavuo=,dV8kNK7uee5nU5atSOae1pJR+xI=
150,-153,yzpcbnnDUtn2qc3T6dmp0kkavuo=,dV8kNK7uee5nU5atSOae1pJR+xI=
147,-160,yzpcbnnDUtn2qc3T6dmp0kkavuo=,dV8kNK7uee5nU5atSOae1pJR+xI=
150,-158,yzpcbnnDUtn2qc3T6dmp0kkavuo=,dV8kNK7uee5nU5atSOae1pJR+xI=
150,-159,yzpcbnnDUtn2qc3T6dmp0kkavuo=,dV8kNK7uee5nU5atSOae1pJR+xI=
151,-154,yzpcbnnDUtn2qc3T6dmp0kkavuo=,dV8kNK7uee5nU5atSOae1pJR+xI=
151,-153,yzpcbnnDUtn2qc3T6dmp0kkavuo=,dV8kNK7uee5nU5atSOae1pJR+xI=
146,-157,yzpcbnnDUtn2qc3T6dmp0kkavuo=,dV8kNK7uee5nU5atSOae1pJR+xI=
149,-158,yzpcbnnDUtn2qc3T6dmp0kkavuo=,dV8kNK7uee5nU5atSOae1pJR+xI=
145,-158,yzpcbnnDUtn2qc3T6dmp0kkavuo=,dV8kNK7uee5nU5atSOae1pJR+xI=
145,-160,yzpcbnnDUtn2qc3T6dmp0kkavuo=,dV8kNK7uee5nU5atSOae1pJR+xI=
151,-152,yzpcbnnDUtn2qc3T6dmp0kkavuo=,6DecloJLsJJ4xOd3qLs9PGhOXPI=
150,-152,yzpcbnnDUtn2qc3T6dmp0kkavuo=,6DecloJLsJJ4xOd3qLs9PGhOXPI=
146,-158,yzpcbnnDUtn2qc3T6dmp0kkavuo=,dV8kNK7uee5nU5atSOae1pJR+xI=
148,-158,yzpcbnnDUtn2qc3T6dmp0kkavuo=,dV8kNK7uee5nU5atSOae1pJR+xI=
149,-152,yzpcbnnDUtn2qc3T6dmp0kkavuo=,6DecloJLsJJ4xOd3qLs9PGhOXPI=
148,-152,yzpcbnnDUtn2qc3T6dmp0kkavuo=,6DecloJLsJJ4xOd3qLs9PGhOXPI=
144,-160,yzpcbnnDUtn2qc3T6dmp0kkavuo=,dV8kNK7uee5nU5atSOae1pJR+xI=
149,-159,yzpcbnnDUtn2qc3T6dmp0kkavuo=,dV8kNK7uee5nU5atSOae1pJR+xI=
146,-145,yzpcbnnDUtn2qc3T6dmp0kkavuo=,6DecloJLsJJ4xOd3qLs9PGhOXPI=
148,-159,yzpcbnnDUtn2qc3T6dmp0kkavuo=,dV8kNK7uee5nU5atSOae1pJR+xI=
147,-158,yzpcbnnDUtn2qc3T6dmp0kkavuo=,dV8kNK7uee5nU5atSOae1pJR+xI=
147,-159,yzpcbnnDUtn2qc3T6dmp0kkavuo=,dV8kNK7uee5nU5atSOae1pJR+xI=
144,-152,yzpcbnnDUtn2qc3T6dmp0kkavuo=,6DecloJLsJJ4xOd3qLs9PGhOXPI=
150,-155,yzpcbnnDUtn2qc3T6dmp0kkavuo=,dV8kNK7uee5nU5atSOae1pJR+xI=
150,-154,yzpcbnnDUtn2qc3T6dmp0kkavuo=,dV8kNK7uee5nU5atSOae1pJR+xI=
145,-157,yzpcbnnDUtn2qc3T6dmp0kkavuo=,dV8kNK7uee5nU5atSOae1pJR+xI=
148,-155,yzpcbnnDUtn2qc3T6dmp0kkavuo=,dV8kNK7uee5nU5atSOae1pJR+xI=
145,-150,yzpcbnnDUtn2qc3T6dmp0kkavuo=,6DecloJLsJJ4xOd3qLs9PGhOXPI=
144,-153,yzpcbnnDUtn2qc3T6dmp0kkavuo=,dV8kNK7uee5nU5atSOae1pJR+xI=
146,-148,yzpcbnnDUtn2qc3T6dmp0kkavuo=,6DecloJLsJJ4xOd3qLs9PGhOXPI=
146,-146,yzpcbnnDUtn2qc3T6dmp0kkavuo=,6DecloJLsJJ4xOd3qLs9PGhOXPI=
147,-152,yzpcbnnDUtn2qc3T6dmp0kkavuo=,6DecloJLsJJ4xOd3qLs9PGhOXPI=
147,-156,yzpcbnnDUtn2qc3T6dmp0kkavuo=,dV8kNK7uee5nU5atSOae1pJR+xI=
146,-151,yzpcbnnDUtn2qc3T6dmp0kkavuo=,6DecloJLsJJ4xOd3qLs9PGhOXPI=
147,-153,yzpcbnnDUtn2qc3T6dmp0kkavuo=,dV8kNK7uee5nU5atSOae1pJR+xI=
146,-149,yzpcbnnDUtn2qc3T6dmp0kkavuo=,6DecloJLsJJ4xOd3qLs9PGhOXPI=
145,-152,yzpcbnnDUtn2qc3T6dmp0kkavuo=,6DecloJLsJJ4xOd3qLs9PGhOXPI=
144,-156,yzpcbnnDUtn2qc3T6dmp0kkavuo=,dV8kNK7uee5nU5atSOae1pJR+xI=
145,-156,yzpcbnnDUtn2qc3T6dmp0kkavuo=,dV8kNK7uee5nU5atSOae1pJR+xI=
146,-147,yzpcbnnDUtn2qc3T6dmp0kkavuo=,6DecloJLsJJ4xOd3qLs9PGhOXPI=
146,-150,yzpcbnnDUtn2qc3T6dmp0kkavuo=,6DecloJLsJJ4xOd3qLs9PGhOXPI=
146,-152,yzpcbnnDUtn2qc3T6dmp0kkavuo=,6DecloJLsJJ4xOd3qLs9PGhOXPI=
145,-153,yzpcbnnDUtn2qc3T6dmp0kkavuo=,dV8kNK7uee5nU5atSOae1pJR+xI=
147,-154,yzpcbnnDUtn2qc3T6dmp0kkavuo=,dV8kNK7uee5nU5atSOae1pJR+xI=
145,-154,yzpcbnnDUtn2qc3T6dmp0kkavuo=,dV8kNK7uee5nU5atSOae1pJR+xI=
146,-153,yzpcbnnDUtn2qc3T6dmp0kkavuo=,dV8kNK7uee5nU5atSOae1pJR+xI=
146,-156,yzpcbnnDUtn2qc3T6dmp0kkavuo=,dV8kNK7uee5nU5atSOae1pJR+xI=
147,-155,yzpcbnnDUtn2qc3T6dmp0kkavuo=,dV8kNK7uee5nU5atSOae1pJR+xI=
146,-155,yzpcbnnDUtn2qc3T6dmp0kkavuo=,dV8kNK7uee5nU5atSOae1pJR+xI=
146,-154,yzpcbnnDUtn2qc3T6dmp0kkavuo=,dV8kNK7uee5nU5atSOae1pJR+xI=
145,-155,yzpcbnnDUtn2qc3T6dmp0kkavuo=,dV8kNK7uee5nU5atSOae1pJR+xI=
144,-155,yzpcbnnDUtn2qc3T6dmp0kkavuo=,dV8kNK7uee5nU5atSOae1pJR+xI=
144,-154,yzpcbnnDUtn2qc3T6dmp0kkavuo=,dV8kNK7uee5nU5atSOae1pJR+xI=
142,-147,5ldhxtT+rrHOSzAmHtokx5+23PM=,OmEodATkqDjTIMsehIpL6K358Ao=
141,-146,5ldhxtT+rrHOSzAmHtokx5+23PM=,OmEodATkqDjTIMsehIpL6K358Ao=
140,-146,5ldhxtT+rrHOSzAmHtokx5+23PM=,OmEodATkqDjTIMsehIpL6K358Ao=
139,-146,5ldhxtT+rrHOSzAmHtokx5+23PM=,OmEodATkqDjTIMsehIpL6K358Ao=
141,-147,5ldhxtT+rrHOSzAmHtokx5+23PM=,OmEodATkqDjTIMsehIpL6K358Ao=
137,-149,5ldhxtT+rrHOSzAmHtokx5+23PM=,OmEodATkqDjTIMsehIpL6K358Ao=
137,-146,5ldhxtT+rrHOSzAmHtokx5+23PM=,OmEodATkqDjTIMsehIpL6K358Ao=
142,-148,5ldhxtT+rrHOSzAmHtokx5+23PM=,OmEodATkqDjTIMsehIpL6K358Ao=
142,-146,5ldhxtT+rrHOSzAmHtokx5+23PM=,OmEodATkqDjTIMsehIpL6K358Ao=
140,-147,5ldhxtT+rrHOSzAmHtokx5+23PM=,OmEodATkqDjTIMsehIpL6K358Ao=
142,-149,5ldhxtT+rrHOSzAmHtokx5+23PM=,OmEodATkqDjTIMsehIpL6K358Ao=
141,-148,5ldhxtT+rrHOSzAmHtokx5+23PM=,OmEodATkqDjTIMsehIpL6K358Ao=
141,-149,5ldhxtT+rrHOSzAmHtokx5+23PM=,OmEodATkqDjTIMsehIpL6K358Ao=
138,-146,5ldhxtT+rrHOSzAmHtokx5+23PM=,OmEodATkqDjTIMsehIpL6K358Ao=
139,-147,5ldhxtT+rrHOSzAmHtokx5+23PM=,OmEodATkqDjTIMsehIpL6K358Ao=
139,-148,5ldhxtT+rrHOSzAmHtokx5+23PM=,OmEodATkqDjTIMsehIpL6K358Ao=
138,-147,5ldhxtT+rrHOSzAmHtokx5+23PM=,OmEodATkqDjTIMsehIpL6K358Ao=
140,-148,5ldhxtT+rrHOSzAmHtokx5+23PM=,OmEodATkqDjTIMsehIpL6K358Ao=
138,-148,5ldhxtT+rrHOSzAmHtokx5+23PM=,OmEodATkqDjTIMsehIpL6K358Ao=
142,-150,5ldhxtT+rrHOSzAmHtokx5+23PM=,OmEodATkqDjTIMsehIpL6K358Ao=
140,-149,5ldhxtT+rrHOSzAmHtokx5+23PM=,OmEodATkqDjTIMsehIpL6K358Ao=
141,-150,5ldhxtT+rrHOSzAmHtokx5+23PM=,OmEodATkqDjTIMsehIpL6K358Ao=
137,-148,5ldhxtT+rrHOSzAmHtokx5+23PM=,OmEodATkqDjTIMsehIpL6K358Ao=
139,-149,5ldhxtT+rrHOSzAmHtokx5+23PM=,OmEodATkqDjTIMsehIpL6K358Ao=
140,-150,5ldhxtT+rrHOSzAmHtokx5+23PM=,OmEodATkqDjTIMsehIpL6K358Ao=
139,-150,5ldhxtT+rrHOSzAmHtokx5+23PM=,OmEodATkqDjTIMsehIpL6K358Ao=
137,-150,5ldhxtT+rrHOSzAmHtokx5+23PM=,OmEodATkqDjTIMsehIpL6K358Ao=
142,-151,5ldhxtT+rrHOSzAmHtokx5+23PM=,OmEodATkqDjTIMsehIpL6K358Ao=
137,-147,5ldhxtT+rrHOSzAmHtokx5+23PM=,OmEodATkqDjTIMsehIpL6K358Ao=
141,-151,5ldhxtT+rrHOSzAmHtokx5+23PM=,OmEodATkqDjTIMsehIpL6K358Ao=
138,-149,5ldhxtT+rrHOSzAmHtokx5+23PM=,OmEodATkqDjTIMsehIpL6K358Ao=
140,-151,5ldhxtT+rrHOSzAmHtokx5+23PM=,OmEodATkqDjTIMsehIpL6K358Ao=
139,-151,5ldhxtT+rrHOSzAmHtokx5+23PM=,OmEodATkqDjTIMsehIpL6K358Ao=
136,-147,5ldhxtT+rrHOSzAmHtokx5+23PM=,OmEodATkqDjTIMsehIpL6K358Ao=
138,-150,5ldhxtT+rrHOSzAmHtokx5+23PM=,OmEodATkqDjTIMsehIpL6K358Ao=
131,-149,5ldhxtT+rrHOSzAmHtokx5+23PM=,fhjMGaLp28CufUsofv5Ay5v8YUI=
132,-149,5ldhxtT+rrHOSzAmHtokx5+23PM=,fhjMGaLp28CufUsofv5Ay5v8YUI=
136,-146,5ldhxtT+rrHOSzAmHtokx5+23PM=,OmEodATkqDjTIMsehIpL6K358Ao=
130,-149,5ldhxtT+rrHOSzAmHtokx5+23PM=,fhjMGaLp28CufUsofv5Ay5v8YUI=
133,-149,5ldhxtT+rrHOSzAmHtokx5+23PM=,fhjMGaLp28CufUsofv5Ay5v8YUI=
134,-149,5ldhxtT+rrHOSzAmHtokx5+23PM=,fhjMGaLp28CufUsofv5Ay5v8YUI=
135,-146,5ldhxtT+rrHOSzAmHtokx5+23PM=,fhjMGaLp28CufUsofv5Ay5v8YUI=
135,-150,5ldhxtT+rrHOSzAmHtokx5+23PM=,fhjMGaLp28CufUsofv5Ay5v8YUI=
134,-150,5ldhxtT+rrHOSzAmHtokx5+23PM=,fhjMGaLp28CufUsofv5Ay5v8YUI=
135,-149,5ldhxtT+rrHOSzAmHtokx5+23PM=,fhjMGaLp28CufUsofv5Ay5v8YUI=
136,-148,5ldhxtT+rrHOSzAmHtokx5+23PM=,OmEodATkqDjTIMsehIpL6K358Ao=
133,-150,5ldhxtT+rrHOSzAmHtokx5+23PM=,fhjMGaLp28CufUsofv5Ay5v8YUI=
132,-150,5ldhxtT+rrHOSzAmHtokx5+23PM=,fhjMGaLp28CufUsofv5Ay5v8YUI=
129,-148,5ldhxtT+rrHOSzAmHtokx5+23PM=,fhjMGaLp28CufUsofv5Ay5v8YUI=
131,-150,5ldhxtT+rrHOSzAmHtokx5+23PM=,fhjMGaLp28CufUsofv5Ay5v8YUI=
130,-148,5ldhxtT+rrHOSzAmHtokx5+23PM=,fhjMGaLp28CufUsofv5Ay5v8YUI=
134,-146,5ldhxtT+rrHOSzAmHtokx5+23PM=,fhjMGaLp28CufUsofv5Ay5v8YUI=
131,-146,5ldhxtT+rrHOSzAmHtokx5+23PM=,fhjMGaLp28CufUsofv5Ay5v8YUI=
132,-146,5ldhxtT+rrHOSzAmHtokx5+23PM=,fhjMGaLp28CufUsofv5Ay5v8YUI=
133,-146,5ldhxtT+rrHOSzAmHtokx5+23PM=,fhjMGaLp28CufUsofv5Ay5v8YUI=
130,-146,5ldhxtT+rrHOSzAmHtokx5+23PM=,fhjMGaLp28CufUsofv5Ay5v8YUI=
129,-146,5ldhxtT+rrHOSzAmHtokx5+23PM=,fhjMGaLp28CufUsofv5Ay5v8YUI=
135,-151,5ldhxtT+rrHOSzAmHtokx5+23PM=,fhjMGaLp28CufUsofv5Ay5v8YUI=
135,-147,5ldhxtT+rrHOSzAmHtokx5+23PM=,fhjMGaLp28CufUsofv5Ay5v8YUI=
134,-151,5ldhxtT+rrHOSzAmHtokx5+23PM=,fhjMGaLp28CufUsofv5Ay5v8YUI=
134,-147,5ldhxtT+rrHOSzAmHtokx5+23PM=,fhjMGaLp28CufUsofv5Ay5v8YUI=
136,-149,5ldhxtT+rrHOSzAmHtokx5+23PM=,OmEodATkqDjTIMsehIpL6K358Ao=
132,-151,5ldhxtT+rrHOSzAmHtokx5+23PM=,fhjMGaLp28CufUsofv5Ay5v8YUI=
133,-147,5ldhxtT+rrHOSzAmHtokx5+23PM=,fhjMGaLp28CufUsofv5Ay5v8YUI=
133,-151,5ldhxtT+rrHOSzAmHtokx5+23PM=,fhjMGaLp28CufUsofv5Ay5v8YUI=
132,-147,5ldhxtT+rrHOSzAmHtokx5+23PM=,fhjMGaLp28CufUsofv5Ay5v8YUI=
131,-147,5ldhxtT+rrHOSzAmHtokx5+23PM=,fhjMGaLp28CufUsofv5Ay5v8YUI=
130,-147,5ldhxtT+rrHOSzAmHtokx5+23PM=,fhjMGaLp28CufUsofv5Ay5v8YUI=
129,-147,5ldhxtT+rrHOSzAmHtokx5+23PM=,fhjMGaLp28CufUsofv5Ay5v8YUI=
135,-148,5ldhxtT+rrHOSzAmHtokx5+23PM=,fhjMGaLp28CufUsofv5Ay5v8YUI=
134,-148,5ldhxtT+rrHOSzAmHtokx5+23PM=,fhjMGaLp28CufUsofv5Ay5v8YUI=
136,-151,5ldhxtT+rrHOSzAmHtokx5+23PM=,OmEodATkqDjTIMsehIpL6K358Ao=
136,-150,5ldhxtT+rrHOSzAmHtokx5+23PM=,OmEodATkqDjTIMsehIpL6K358Ao=
131,-148,5ldhxtT+rrHOSzAmHtokx5+23PM=,fhjMGaLp28CufUsofv5Ay5v8YUI=
130,-150,5ldhxtT+rrHOSzAmHtokx5+23PM=,fhjMGaLp28CufUsofv5Ay5v8YUI=
132,-148,5ldhxtT+rrHOSzAmHtokx5+23PM=,fhjMGaLp28CufUsofv5Ay5v8YUI=
133,-148,5ldhxtT+rrHOSzAmHtokx5+23PM=,fhjMGaLp28CufUsofv5Ay5v8YUI=
129,-149,5ldhxtT+rrHOSzAmHtokx5+23PM=,fhjMGaLp28CufUsofv5Ay5v8YUI=
137,-151,5ldhxtT+rrHOSzAmHtokx5+23PM=,OmEodATkqDjTIMsehIpL6K358Ao=
138,-151,5ldhxtT+rrHOSzAmHtokx5+23PM=,OmEodATkqDjTIMsehIpL6K358Ao=
131,-151,5ldhxtT+rrHOSzAmHtokx5+23PM=,fhjMGaLp28CufUsofv5Ay5v8YUI=
130,-151,5ldhxtT+rrHOSzAmHtokx5+23PM=,fhjMGaLp28CufUsofv5Ay5v8YUI=
129,-150,5ldhxtT+rrHOSzAmHtokx5+23PM=,fhjMGaLp28CufUsofv5Ay5v8YUI=
129,-151,5ldhxtT+rrHOSzAmHtokx5+23PM=,fhjMGaLp28CufUsofv5Ay5v8YUI=
129,-155,5ldhxtT+rrHOSzAmHtokx5+23PM=,pkFUn22NR60FCP1qJckuD617fV8=
134,-156,5ldhxtT+rrHOSzAmHtokx5+23PM=,pkFUn22NR60FCP1qJckuD617fV8=
133,-156,5ldhxtT+rrHOSzAmHtokx5+23PM=,pkFUn22NR60FCP1qJckuD617fV8=
132,-156,5ldhxtT+rrHOSzAmHtokx5+23PM=,pkFUn22NR60FCP1qJckuD617fV8=
131,-156,5ldhxtT+rrHOSzAmHtokx5+23PM=,pkFUn22NR60FCP1qJckuD617fV8=
130,-156,5ldhxtT+rrHOSzAmHtokx5+23PM=,pkFUn22NR60FCP1qJckuD617fV8=
129,-156,5ldhxtT+rrHOSzAmHtokx5+23PM=,pkFUn22NR60FCP1qJckuD617fV8=
133,-157,5ldhxtT+rrHOSzAmHtokx5+23PM=,pkFUn22NR60FCP1qJckuD617fV8=
132,-157,5ldhxtT+rrHOSzAmHtokx5+23PM=,pkFUn22NR60FCP1qJckuD617fV8=
131,-157,5ldhxtT+rrHOSzAmHtokx5+23PM=,pkFUn22NR60FCP1qJckuD617fV8=
130,-157,5ldhxtT+rrHOSzAmHtokx5+23PM=,pkFUn22NR60FCP1qJckuD617fV8=
129,-157,5ldhxtT+rrHOSzAmHtokx5+23PM=,pkFUn22NR60FCP1qJckuD617fV8=
134,-157,5ldhxtT+rrHOSzAmHtokx5+23PM=,pkFUn22NR60FCP1qJckuD617fV8=
132,-158,5ldhxtT+rrHOSzAmHtokx5+23PM=,pkFUn22NR60FCP1qJckuD617fV8=
133,-158,5ldhxtT+rrHOSzAmHtokx5+23PM=,pkFUn22NR60FCP1qJckuD617fV8=
134,-152,5ldhxtT+rrHOSzAmHtokx5+23PM=,fhjMGaLp28CufUsofv5Ay5v8YUI=
134,-158,5ldhxtT+rrHOSzAmHtokx5+23PM=,pkFUn22NR60FCP1qJckuD617fV8=
133,-152,5ldhxtT+rrHOSzAmHtokx5+23PM=,fhjMGaLp28CufUsofv5Ay5v8YUI=
132,-152,5ldhxtT+rrHOSzAmHtokx5+23PM=,fhjMGaLp28CufUsofv5Ay5v8YUI=
131,-158,5ldhxtT+rrHOSzAmHtokx5+23PM=,pkFUn22NR60FCP1qJckuD617fV8=
130,-158,5ldhxtT+rrHOSzAmHtokx5+23PM=,pkFUn22NR60FCP1qJckuD617fV8=
129,-158,5ldhxtT+rrHOSzAmHtokx5+23PM=,pkFUn22NR60FCP1qJckuD617fV8=
130,-155,5ldhxtT+rrHOSzAmHtokx5+23PM=,pkFUn22NR60FCP1qJckuD617fV8=
134,-159,5ldhxtT+rrHOSzAmHtokx5+23PM=,pkFUn22NR60FCP1qJckuD617fV8=
132,-159,5ldhxtT+rrHOSzAmHtokx5+23PM=,pkFUn22NR60FCP1qJckuD617fV8=
133,-159,5ldhxtT+rrHOSzAmHtokx5+23PM=,pkFUn22NR60FCP1qJckuD617fV8=
131,-159,5ldhxtT+rrHOSzAmHtokx5+23PM=,pkFUn22NR60FCP1qJckuD617fV8=
133,-153,5ldhxtT+rrHOSzAmHtokx5+23PM=,pkFUn22NR60FCP1qJckuD617fV8=
130,-159,5ldhxtT+rrHOSzAmHtokx5+23PM=,pkFUn22NR60FCP1qJckuD617fV8=
129,-159,5ldhxtT+rrHOSzAmHtokx5+23PM=,pkFUn22NR60FCP1qJckuD617fV8=
132,-153,5ldhxtT+rrHOSzAmHtokx5+23PM=,pkFUn22NR60FCP1qJckuD617fV8=
132,-155,5ldhxtT+rrHOSzAmHtokx5+23PM=,pkFUn22NR60FCP1qJckuD617fV8=
131,-155,5ldhxtT+rrHOSzAmHtokx5+23PM=,pkFUn22NR60FCP1qJckuD617fV8=
129,-154,5ldhxtT+rrHOSzAmHtokx5+23PM=,pkFUn22NR60FCP1qJckuD617fV8=
134,-153,5ldhxtT+rrHOSzAmHtokx5+23PM=,pkFUn22NR60FCP1qJckuD617fV8=
129,-153,5ldhxtT+rrHOSzAmHtokx5+23PM=,pkFUn22NR60FCP1qJckuD617fV8=
134,-155,5ldhxtT+rrHOSzAmHtokx5+23PM=,pkFUn22NR60FCP1qJckuD617fV8=
130,-152,5ldhxtT+rrHOSzAmHtokx5+23PM=,fhjMGaLp28CufUsofv5Ay5v8YUI=
130,-154,5ldhxtT+rrHOSzAmHtokx5+23PM=,pkFUn22NR60FCP1qJckuD617fV8=
131,-152,5ldhxtT+rrHOSzAmHtokx5+23PM=,fhjMGaLp28CufUsofv5Ay5v8YUI=
131,-153,5ldhxtT+rrHOSzAmHtokx5+23PM=,pkFUn22NR60FCP1qJckuD617fV8=
132,-154,5ldhxtT+rrHOSzAmHtokx5+23PM=,pkFUn22NR60FCP1qJckuD617fV8=
133,-155,5ldhxtT+rrHOSzAmHtokx5+23PM=,pkFUn22NR60FCP1qJckuD617fV8=
131,-154,5ldhxtT+rrHOSzAmHtokx5+23PM=,pkFUn22NR60FCP1qJckuD617fV8=
129,-152,5ldhxtT+rrHOSzAmHtokx5+23PM=,fhjMGaLp28CufUsofv5Ay5v8YUI=
130,-153,5ldhxtT+rrHOSzAmHtokx5+23PM=,pkFUn22NR60FCP1qJckuD617fV8=
133,-154,5ldhxtT+rrHOSzAmHtokx5+23PM=,pkFUn22NR60FCP1qJckuD617fV8=
137,-155,5ldhxtT+rrHOSzAmHtokx5+23PM=,2D+YQMXmcZ+JEAzDn0fXbPtYC9g=
139,-154,5ldhxtT+rrHOSzAmHtokx5+23PM=,2D+YQMXmcZ+JEAzDn0fXbPtYC9g=
139,-155,5ldhxtT+rrHOSzAmHtokx5+23PM=,2D+YQMXmcZ+JEAzDn0fXbPtYC9g=
134,-154,5ldhxtT+rrHOSzAmHtokx5+23PM=,pkFUn22NR60FCP1qJckuD617fV8=
138,-154,5ldhxtT+rrHOSzAmHtokx5+23PM=,2D+YQMXmcZ+JEAzDn0fXbPtYC9g=
135,-157,5ldhxtT+rrHOSzAmHtokx5+23PM=,pkFUn22NR60FCP1qJckuD617fV8=
141,-157,5ldhxtT+rrHOSzAmHtokx5+23PM=,2D+YQMXmcZ+JEAzDn0fXbPtYC9g=
140,-155,5ldhxtT+rrHOSzAmHtokx5+23PM=,2D+YQMXmcZ+JEAzDn0fXbPtYC9g=
135,-156,5ldhxtT+rrHOSzAmHtokx5+23PM=,pkFUn22NR60FCP1qJckuD617fV8=
138,-155,5ldhxtT+rrHOSzAmHtokx5+23PM=,2D+YQMXmcZ+JEAzDn0fXbPtYC9g=
140,-156,5ldhxtT+rrHOSzAmHtokx5+23PM=,2D+YQMXmcZ+JEAzDn0fXbPtYC9g=
142,-157,5ldhxtT+rrHOSzAmHtokx5+23PM=,2D+YQMXmcZ+JEAzDn0fXbPtYC9g=
138,-157,5ldhxtT+rrHOSzAmHtokx5+23PM=,2D+YQMXmcZ+JEAzDn0fXbPtYC9g=
142,-158,5ldhxtT+rrHOSzAmHtokx5+23PM=,2D+YQMXmcZ+JEAzDn0fXbPtYC9g=
137,-157,5ldhxtT+rrHOSzAmHtokx5+23PM=,2D+YQMXmcZ+JEAzDn0fXbPtYC9g=
141,-158,5ldhxtT+rrHOSzAmHtokx5+23PM=,2D+YQMXmcZ+JEAzDn0fXbPtYC9g=
140,-158,5ldhxtT+rrHOSzAmHtokx5+23PM=,2D+YQMXmcZ+JEAzDn0fXbPtYC9g=
136,-157,5ldhxtT+rrHOSzAmHtokx5+23PM=,2D+YQMXmcZ+JEAzDn0fXbPtYC9g=
139,-158,5ldhxtT+rrHOSzAmHtokx5+23PM=,2D+YQMXmcZ+JEAzDn0fXbPtYC9g=
135,-152,5ldhxtT+rrHOSzAmHtokx5+23PM=,fhjMGaLp28CufUsofv5Ay5v8YUI=
139,-157,5ldhxtT+rrHOSzAmHtokx5+23PM=,2D+YQMXmcZ+JEAzDn0fXbPtYC9g=
137,-158,5ldhxtT+rrHOSzAmHtokx5+23PM=,2D+YQMXmcZ+JEAzDn0fXbPtYC9g=
136,-158,5ldhxtT+rrHOSzAmHtokx5+23PM=,2D+YQMXmcZ+JEAzDn0fXbPtYC9g=
138,-158,5ldhxtT+rrHOSzAmHtokx5+23PM=,2D+YQMXmcZ+JEAzDn0fXbPtYC9g=
140,-159,5ldhxtT+rrHOSzAmHtokx5+23PM=,2D+YQMXmcZ+JEAzDn0fXbPtYC9g=
139,-159,5ldhxtT+rrHOSzAmHtokx5+23PM=,2D+YQMXmcZ+JEAzDn0fXbPtYC9g=
142,-159,5ldhxtT+rrHOSzAmHtokx5+23PM=,2D+YQMXmcZ+JEAzDn0fXbPtYC9g=
138,-159,5ldhxtT+rrHOSzAmHtokx5+23PM=,2D+YQMXmcZ+JEAzDn0fXbPtYC9g=
141,-159,5ldhxtT+rrHOSzAmHtokx5+23PM=,2D+YQMXmcZ+JEAzDn0fXbPtYC9g=
135,-159,5ldhxtT+rrHOSzAmHtokx5+23PM=,pkFUn22NR60FCP1qJckuD617fV8=
137,-159,5ldhxtT+rrHOSzAmHtokx5+23PM=,2D+YQMXmcZ+JEAzDn0fXbPtYC9g=
136,-159,5ldhxtT+rrHOSzAmHtokx5+23PM=,2D+YQMXmcZ+JEAzDn0fXbPtYC9g=
138,-156,5ldhxtT+rrHOSzAmHtokx5+23PM=,2D+YQMXmcZ+JEAzDn0fXbPtYC9g=
142,-152,5ldhxtT+rrHOSzAmHtokx5+23PM=,OmEodATkqDjTIMsehIpL6K358Ao=
140,-157,5ldhxtT+rrHOSzAmHtokx5+23PM=,2D+YQMXmcZ+JEAzDn0fXbPtYC9g=
136,-156,5ldhxtT+rrHOSzAmHtokx5+23PM=,2D+YQMXmcZ+JEAzDn0fXbPtYC9g=
137,-156,5ldhxtT+rrHOSzAmHtokx5+23PM=,2D+YQMXmcZ+JEAzDn0fXbPtYC9g=
139,-156,5ldhxtT+rrHOSzAmHtokx5+23PM=,2D+YQMXmcZ+JEAzDn0fXbPtYC9g=
137,-154,5ldhxtT+rrHOSzAmHtokx5+23PM=,2D+YQMXmcZ+JEAzDn0fXbPtYC9g=
135,-158,5ldhxtT+rrHOSzAmHtokx5+23PM=,pkFUn22NR60FCP1qJckuD617fV8=
141,-156,5ldhxtT+rrHOSzAmHtokx5+23PM=,2D+YQMXmcZ+JEAzDn0fXbPtYC9g=
141,-152,5ldhxtT+rrHOSzAmHtokx5+23PM=,OmEodATkqDjTIMsehIpL6K358Ao=
136,-155,5ldhxtT+rrHOSzAmHtokx5+23PM=,2D+YQMXmcZ+JEAzDn0fXbPtYC9g=
140,-154,5ldhxtT+rrHOSzAmHtokx5+23PM=,2D+YQMXmcZ+JEAzDn0fXbPtYC9g=
142,-156,5ldhxtT+rrHOSzAmHtokx5+23PM=,2D+YQMXmcZ+JEAzDn0fXbPtYC9g=
137,-153,5ldhxtT+rrHOSzAmHtokx5+23PM=,2D+YQMXmcZ+JEAzDn0fXbPtYC9g=
138,-153,5ldhxtT+rrHOSzAmHtokx5+23PM=,2D+YQMXmcZ+JEAzDn0fXbPtYC9g=
136,-152,5ldhxtT+rrHOSzAmHtokx5+23PM=,OmEodATkqDjTIMsehIpL6K358Ao=
135,-155,5ldhxtT+rrHOSzAmHtokx5+23PM=,pkFUn22NR60FCP1qJckuD617fV8=
135,-153,5ldhxtT+rrHOSzAmHtokx5+23PM=,pkFUn22NR60FCP1qJckuD617fV8=
139,-153,5ldhxtT+rrHOSzAmHtokx5+23PM=,2D+YQMXmcZ+JEAzDn0fXbPtYC9g=
138,-152,5ldhxtT+rrHOSzAmHtokx5+23PM=,OmEodATkqDjTIMsehIpL6K358Ao=
140,-152,5ldhxtT+rrHOSzAmHtokx5+23PM=,OmEodATkqDjTIMsehIpL6K358Ao=
136,-154,5ldhxtT+rrHOSzAmHtokx5+23PM=,2D+YQMXmcZ+JEAzDn0fXbPtYC9g=
139,-152,5ldhxtT+rrHOSzAmHtokx5+23PM=,OmEodATkqDjTIMsehIpL6K358Ao=
142,-154,5ldhxtT+rrHOSzAmHtokx5+23PM=,2D+YQMXmcZ+JEAzDn0fXbPtYC9g=
140,-153,5ldhxtT+rrHOSzAmHtokx5+23PM=,2D+YQMXmcZ+JEAzDn0fXbPtYC9g=
141,-154,5ldhxtT+rrHOSzAmHtokx5+23PM=,2D+YQMXmcZ+JEAzDn0fXbPtYC9g=
142,-153,5ldhxtT+rrHOSzAmHtokx5+23PM=,2D+YQMXmcZ+JEAzDn0fXbPtYC9g=
135,-154,5ldhxtT+rrHOSzAmHtokx5+23PM=,pkFUn22NR60FCP1qJckuD617fV8=
141,-153,5ldhxtT+rrHOSzAmHtokx5+23PM=,2D+YQMXmcZ+JEAzDn0fXbPtYC9g=
142,-155,5ldhxtT+rrHOSzAmHtokx5+23PM=,2D+YQMXmcZ+JEAzDn0fXbPtYC9g=
136,-153,5ldhxtT+rrHOSzAmHtokx5+23PM=,2D+YQMXmcZ+JEAzDn0fXbPtYC9g=
137,-152,5ldhxtT+rrHOSzAmHtokx5+23PM=,OmEodATkqDjTIMsehIpL6K358Ao=
141,-155,5ldhxtT+rrHOSzAmHtokx5+23PM=,2D+YQMXmcZ+JEAzDn0fXbPtYC9g=
138,-145,5ldhxtT+rrHOSzAmHtokx5+23PM=,OmEodATkqDjTIMsehIpL6K358Ao=
137,-145,5ldhxtT+rrHOSzAmHtokx5+23PM=,OmEodATkqDjTIMsehIpL6K358Ao=
141,-145,5ldhxtT+rrHOSzAmHtokx5+23PM=,OmEodATkqDjTIMsehIpL6K358Ao=
139,-145,5ldhxtT+rrHOSzAmHtokx5+23PM=,OmEodATkqDjTIMsehIpL6K358Ao=
140,-145,5ldhxtT+rrHOSzAmHtokx5+23PM=,OmEodATkqDjTIMsehIpL6K358Ao=
142,-145,5ldhxtT+rrHOSzAmHtokx5+23PM=,OmEodATkqDjTIMsehIpL6K358Ao=
128,-156,5ldhxtT+rrHOSzAmHtokx5+23PM=,pkFUn22NR60FCP1qJckuD617fV8=
128,-159,5ldhxtT+rrHOSzAmHtokx5+23PM=,pkFUn22NR60FCP1qJckuD617fV8=
128,-155,5ldhxtT+rrHOSzAmHtokx5+23PM=,pkFUn22NR60FCP1qJckuD617fV8=
128,-154,5ldhxtT+rrHOSzAmHtokx5+23PM=,pkFUn22NR60FCP1qJckuD617fV8=
128,-158,5ldhxtT+rrHOSzAmHtokx5+23PM=,pkFUn22NR60FCP1qJckuD617fV8=
128,-157,5ldhxtT+rrHOSzAmHtokx5+23PM=,pkFUn22NR60FCP1qJckuD617fV8=
132,-145,5ldhxtT+rrHOSzAmHtokx5+23PM=,fhjMGaLp28CufUsofv5Ay5v8YUI=
135,-145,5ldhxtT+rrHOSzAmHtokx5+23PM=,fhjMGaLp28CufUsofv5Ay5v8YUI=
134,-145,5ldhxtT+rrHOSzAmHtokx5+23PM=,fhjMGaLp28CufUsofv5Ay5v8YUI=
131,-145,5ldhxtT+rrHOSzAmHtokx5+23PM=,fhjMGaLp28CufUsofv5Ay5v8YUI=
136,-145,5ldhxtT+rrHOSzAmHtokx5+23PM=,OmEodATkqDjTIMsehIpL6K358Ao=
129,-145,5ldhxtT+rrHOSzAmHtokx5+23PM=,fhjMGaLp28CufUsofv5Ay5v8YUI=
133,-145,5ldhxtT+rrHOSzAmHtokx5+23PM=,fhjMGaLp28CufUsofv5Ay5v8YUI=
130,-145,5ldhxtT+rrHOSzAmHtokx5+23PM=,fhjMGaLp28CufUsofv5Ay5v8YUI=
128,-146,5ldhxtT+rrHOSzAmHtokx5+23PM=,fhjMGaLp28CufUsofv5Ay5v8YUI=
128,-152,5ldhxtT+rrHOSzAmHtokx5+23PM=,fhjMGaLp28CufUsofv5Ay5v8YUI=
128,-153,5ldhxtT+rrHOSzAmHtokx5+23PM=,pkFUn22NR60FCP1qJckuD617fV8=
128,-147,5ldhxtT+rrHOSzAmHtokx5+23PM=,fhjMGaLp28CufUsofv5Ay5v8YUI=
128,-148,5ldhxtT+rrHOSzAmHtokx5+23PM=,fhjMGaLp28CufUsofv5Ay5v8YUI=
128,-149,5ldhxtT+rrHOSzAmHtokx5+23PM=,fhjMGaLp28CufUsofv5Ay5v8YUI=
128,-150,5ldhxtT+rrHOSzAmHtokx5+23PM=,fhjMGaLp28CufUsofv5Ay5v8YUI=
128,-151,5ldhxtT+rrHOSzAmHtokx5+23PM=,fhjMGaLp28CufUsofv5Ay5v8YUI=
143,-148,5ldhxtT+rrHOSzAmHtokx5+23PM=,OmEodATkqDjTIMsehIpL6K358Ao=
143,-150,5ldhxtT+rrHOSzAmHtokx5+23PM=,OmEodATkqDjTIMsehIpL6K358Ao=
143,-146,5ldhxtT+rrHOSzAmHtokx5+23PM=,OmEodATkqDjTIMsehIpL6K358Ao=
143,-149,5ldhxtT+rrHOSzAmHtokx5+23PM=,OmEodATkqDjTIMsehIpL6K358Ao=
143,-147,5ldhxtT+rrHOSzAmHtokx5+23PM=,OmEodATkqDjTIMsehIpL6K358Ao=
128,-145,5ldhxtT+rrHOSzAmHtokx5+23PM=,fhjMGaLp28CufUsofv5Ay5v8YUI=
143,-151,5ldhxtT+rrHOSzAmHtokx5+23PM=,OmEodATkqDjTIMsehIpL6K358Ao=
142,-160,5ldhxtT+rrHOSzAmHtokx5+23PM=,2D+YQMXmcZ+JEAzDn0fXbPtYC9g=
137,-160,5ldhxtT+rrHOSzAmHtokx5+23PM=,2D+YQMXmcZ+JEAzDn0fXbPtYC9g=
141,-160,5ldhxtT+rrHOSzAmHtokx5+23PM=,2D+YQMXmcZ+JEAzDn0fXbPtYC9g=
140,-160,5ldhxtT+rrHOSzAmHtokx5+23PM=,2D+YQMXmcZ+JEAzDn0fXbPtYC9g=
138,-160,5ldhxtT+rrHOSzAmHtokx5+23PM=,2D+YQMXmcZ+JEAzDn0fXbPtYC9g=
139,-160,5ldhxtT+rrHOSzAmHtokx5+23PM=,2D+YQMXmcZ+JEAzDn0fXbPtYC9g=
143,-159,5ldhxtT+rrHOSzAmHtokx5+23PM=,2D+YQMXmcZ+JEAzDn0fXbPtYC9g=
143,-152,5ldhxtT+rrHOSzAmHtokx5+23PM=,OmEodATkqDjTIMsehIpL6K358Ao=
143,-158,5ldhxtT+rrHOSzAmHtokx5+23PM=,2D+YQMXmcZ+JEAzDn0fXbPtYC9g=
143,-157,5ldhxtT+rrHOSzAmHtokx5+23PM=,2D+YQMXmcZ+JEAzDn0fXbPtYC9g=
143,-156,5ldhxtT+rrHOSzAmHtokx5+23PM=,2D+YQMXmcZ+JEAzDn0fXbPtYC9g=
143,-154,5ldhxtT+rrHOSzAmHtokx5+23PM=,2D+YQMXmcZ+JEAzDn0fXbPtYC9g=
143,-155,5ldhxtT+rrHOSzAmHtokx5+23PM=,2D+YQMXmcZ+JEAzDn0fXbPtYC9g=
143,-153,5ldhxtT+rrHOSzAmHtokx5+23PM=,2D+YQMXmcZ+JEAzDn0fXbPtYC9g=
135,-160,5ldhxtT+rrHOSzAmHtokx5+23PM=,pkFUn22NR60FCP1qJckuD617fV8=
134,-160,5ldhxtT+rrHOSzAmHtokx5+23PM=,pkFUn22NR60FCP1qJckuD617fV8=
133,-160,5ldhxtT+rrHOSzAmHtokx5+23PM=,pkFUn22NR60FCP1qJckuD617fV8=
132,-160,5ldhxtT+rrHOSzAmHtokx5+23PM=,pkFUn22NR60FCP1qJckuD617fV8=
136,-160,5ldhxtT+rrHOSzAmHtokx5+23PM=,2D+YQMXmcZ+JEAzDn0fXbPtYC9g=
131,-160,5ldhxtT+rrHOSzAmHtokx5+23PM=,pkFUn22NR60FCP1qJckuD617fV8=
130,-160,5ldhxtT+rrHOSzAmHtokx5+23PM=,pkFUn22NR60FCP1qJckuD617fV8=
143,-160,5ldhxtT+rrHOSzAmHtokx5+23PM=,2D+YQMXmcZ+JEAzDn0fXbPtYC9g=
129,-160,5ldhxtT+rrHOSzAmHtokx5+23PM=,pkFUn22NR60FCP1qJckuD617fV8=
143,-145,5ldhxtT+rrHOSzAmHtokx5+23PM=,OmEodATkqDjTIMsehIpL6K358Ao=
128,-160,5ldhxtT+rrHOSzAmHtokx5+23PM=,pkFUn22NR60FCP1qJckuD617fV8=
133,-138,ipBk3tphdyKGcf+2FX21jGi5orU=,H2LKOcLE8FaM9zRMhYQsEA54Eo0=
135,-140,ipBk3tphdyKGcf+2FX21jGi5orU=,H2LKOcLE8FaM9zRMhYQsEA54Eo0=
129,-141,ipBk3tphdyKGcf+2FX21jGi5orU=,H2LKOcLE8FaM9zRMhYQsEA54Eo0=
131,-137,ipBk3tphdyKGcf+2FX21jGi5orU=,H2LKOcLE8FaM9zRMhYQsEA54Eo0=
133,-140,ipBk3tphdyKGcf+2FX21jGi5orU=,H2LKOcLE8FaM9zRMhYQsEA54Eo0=
134,-140,ipBk3tphdyKGcf+2FX21jGi5orU=,H2LKOcLE8FaM9zRMhYQsEA54Eo0=
129,-142,ipBk3tphdyKGcf+2FX21jGi5orU=,H2LKOcLE8FaM9zRMhYQsEA54Eo0=
132,-138,ipBk3tphdyKGcf+2FX21jGi5orU=,H2LKOcLE8FaM9zRMhYQsEA54Eo0=
130,-144,ipBk3tphdyKGcf+2FX21jGi5orU=,H2LKOcLE8FaM9zRMhYQsEA54Eo0=
131,-138,ipBk3tphdyKGcf+2FX21jGi5orU=,H2LKOcLE8FaM9zRMhYQsEA54Eo0=
128,-141,ipBk3tphdyKGcf+2FX21jGi5orU=,H2LKOcLE8FaM9zRMhYQsEA54Eo0=
135,-141,ipBk3tphdyKGcf+2FX21jGi5orU=,H2LKOcLE8FaM9zRMhYQsEA54Eo0=
128,-143,ipBk3tphdyKGcf+2FX21jGi5orU=,H2LKOcLE8FaM9zRMhYQsEA54Eo0=
134,-144,ipBk3tphdyKGcf+2FX21jGi5orU=,H2LKOcLE8FaM9zRMhYQsEA54Eo0=
129,-144,ipBk3tphdyKGcf+2FX21jGi5orU=,H2LKOcLE8FaM9zRMhYQsEA54Eo0=
132,-139,ipBk3tphdyKGcf+2FX21jGi5orU=,H2LKOcLE8FaM9zRMhYQsEA54Eo0=
130,-138,ipBk3tphdyKGcf+2FX21jGi5orU=,H2LKOcLE8FaM9zRMhYQsEA54Eo0=
130,-139,ipBk3tphdyKGcf+2FX21jGi5orU=,H2LKOcLE8FaM9zRMhYQsEA54Eo0=
131,-139,ipBk3tphdyKGcf+2FX21jGi5orU=,H2LKOcLE8FaM9zRMhYQsEA54Eo0=
135,-142,ipBk3tphdyKGcf+2FX21jGi5orU=,H2LKOcLE8FaM9zRMhYQsEA54Eo0=
134,-142,ipBk3tphdyKGcf+2FX21jGi5orU=,H2LKOcLE8FaM9zRMhYQsEA54Eo0=
128,-142,ipBk3tphdyKGcf+2FX21jGi5orU=,H2LKOcLE8FaM9zRMhYQsEA54Eo0=
128,-137,ipBk3tphdyKGcf+2FX21jGi5orU=,H2LKOcLE8FaM9zRMhYQsEA54Eo0=
129,-139,ipBk3tphdyKGcf+2FX21jGi5orU=,H2LKOcLE8FaM9zRMhYQsEA54Eo0=
133,-139,ipBk3tphdyKGcf+2FX21jGi5orU=,H2LKOcLE8FaM9zRMhYQsEA54Eo0=
135,-143,ipBk3tphdyKGcf+2FX21jGi5orU=,H2LKOcLE8FaM9zRMhYQsEA54Eo0=
133,-142,ipBk3tphdyKGcf+2FX21jGi5orU=,H2LKOcLE8FaM9zRMhYQsEA54Eo0=
128,-139,ipBk3tphdyKGcf+2FX21jGi5orU=,H2LKOcLE8FaM9zRMhYQsEA54Eo0=
133,-143,ipBk3tphdyKGcf+2FX21jGi5orU=,H2LKOcLE8FaM9zRMhYQsEA54Eo0=
132,-140,ipBk3tphdyKGcf+2FX21jGi5orU=,H2LKOcLE8FaM9zRMhYQsEA54Eo0=
134,-143,ipBk3tphdyKGcf+2FX21jGi5orU=,H2LKOcLE8FaM9zRMhYQsEA54Eo0=
132,-144,ipBk3tphdyKGcf+2FX21jGi5orU=,H2LKOcLE8FaM9zRMhYQsEA54Eo0=
132,-142,ipBk3tphdyKGcf+2FX21jGi5orU=,H2LKOcLE8FaM9zRMhYQsEA54Eo0=
129,-138,ipBk3tphdyKGcf+2FX21jGi5orU=,H2LKOcLE8FaM9zRMhYQsEA54Eo0=
135,-138,ipBk3tphdyKGcf+2FX21jGi5orU=,H2LKOcLE8FaM9zRMhYQsEA54Eo0=
135,-139,ipBk3tphdyKGcf+2FX21jGi5orU=,H2LKOcLE8FaM9zRMhYQsEA54Eo0=
128,-138,ipBk3tphdyKGcf+2FX21jGi5orU=,H2LKOcLE8FaM9zRMhYQsEA54Eo0=
131,-143,ipBk3tphdyKGcf+2FX21jGi5orU=,H2LKOcLE8FaM9zRMhYQsEA54Eo0=
132,-141,ipBk3tphdyKGcf+2FX21jGi5orU=,H2LKOcLE8FaM9zRMhYQsEA54Eo0=
133,-141,ipBk3tphdyKGcf+2FX21jGi5orU=,H2LKOcLE8FaM9zRMhYQsEA54Eo0=
130,-141,ipBk3tphdyKGcf+2FX21jGi5orU=,H2LKOcLE8FaM9zRMhYQsEA54Eo0=
131,-141,ipBk3tphdyKGcf+2FX21jGi5orU=,H2LKOcLE8FaM9zRMhYQsEA54Eo0=
131,-140,ipBk3tphdyKGcf+2FX21jGi5orU=,H2LKOcLE8FaM9zRMhYQsEA54Eo0=
131,-142,ipBk3tphdyKGcf+2FX21jGi5orU=,H2LKOcLE8FaM9zRMhYQsEA54Eo0=
132,-143,ipBk3tphdyKGcf+2FX21jGi5orU=,H2LKOcLE8FaM9zRMhYQsEA54Eo0=
134,-138,ipBk3tphdyKGcf+2FX21jGi5orU=,H2LKOcLE8FaM9zRMhYQsEA54Eo0=
130,-140,ipBk3tphdyKGcf+2FX21jGi5orU=,H2LKOcLE8FaM9zRMhYQsEA54Eo0=
129,-140,ipBk3tphdyKGcf+2FX21jGi5orU=,H2LKOcLE8FaM9zRMhYQsEA54Eo0=
130,-142,ipBk3tphdyKGcf+2FX21jGi5orU=,H2LKOcLE8FaM9zRMhYQsEA54Eo0=
128,-140,ipBk3tphdyKGcf+2FX21jGi5orU=,H2LKOcLE8FaM9zRMhYQsEA54Eo0=
134,-137,ipBk3tphdyKGcf+2FX21jGi5orU=,H2LKOcLE8FaM9zRMhYQsEA54Eo0=
135,-137,ipBk3tphdyKGcf+2FX21jGi5orU=,H2LKOcLE8FaM9zRMhYQsEA54Eo0=
133,-137,ipBk3tphdyKGcf+2FX21jGi5orU=,H2LKOcLE8FaM9zRMhYQsEA54Eo0=
132,-137,ipBk3tphdyKGcf+2FX21jGi5orU=,H2LKOcLE8FaM9zRMhYQsEA54Eo0=
131,-144,ipBk3tphdyKGcf+2FX21jGi5orU=,H2LKOcLE8FaM9zRMhYQsEA54Eo0=
129,-137,ipBk3tphdyKGcf+2FX21jGi5orU=,H2LKOcLE8FaM9zRMhYQsEA54Eo0=
135,-144,ipBk3tphdyKGcf+2FX21jGi5orU=,H2LKOcLE8FaM9zRMhYQsEA54Eo0=
129,-143,ipBk3tphdyKGcf+2FX21jGi5orU=,H2LKOcLE8FaM9zRMhYQsEA54Eo0=
133,-144,ipBk3tphdyKGcf+2FX21jGi5orU=,H2LKOcLE8FaM9zRMhYQsEA54Eo0=
130,-143,ipBk3tphdyKGcf+2FX21jGi5orU=,H2LKOcLE8FaM9zRMhYQsEA54Eo0=
130,-137,ipBk3tphdyKGcf+2FX21jGi5orU=,H2LKOcLE8FaM9zRMhYQsEA54Eo0=
134,-141,ipBk3tphdyKGcf+2FX21jGi5orU=,H2LKOcLE8FaM9zRMhYQsEA54Eo0=
134,-139,ipBk3tphdyKGcf+2FX21jGi5orU=,H2LKOcLE8FaM9zRMhYQsEA54Eo0=
128,-144,ipBk3tphdyKGcf+2FX21jGi5orU=,H2LKOcLE8FaM9zRMhYQsEA54Eo0=
