131,13,NoWbTcNFAYST2L/Qq/ZgUXPAIqI=,TUwrXr0ir1g33BtB+LFO2Cfv1p8=
130,13,NoWbTcNFAYST2L/Qq/ZgUXPAIqI=,TUwrXr0ir1g33BtB+LFO2Cfv1p8=
132,13,NoWbTcNFAYST2L/Qq/ZgUXPAIqI=,TUwrXr0ir1g33BtB+LFO2Cfv1p8=
134,13,NoWbTcNFAYST2L/Qq/ZgUXPAIqI=,TUwrXr0ir1g33BtB+LFO2Cfv1p8=
135,13,NoWbTcNFAYST2L/Qq/ZgUXPAIqI=,TUwrXr0ir1g33BtB+LFO2Cfv1p8=
129,13,NoWbTcNFAYST2L/Qq/ZgUXPAIqI=,TUwrXr0ir1g33BtB+LFO2Cfv1p8=
128,13,NoWbTcNFAYST2L/Qq/ZgUXPAIqI=,TUwrXr0ir1g33BtB+LFO2Cfv1p8=
135,12,NoWbTcNFAYST2L/Qq/ZgUXPAIqI=,TUwrXr0ir1g33BtB+LFO2Cfv1p8=
128,14,NoWbTcNFAYST2L/Qq/ZgUXPAIqI=,TUwrXr0ir1g33BtB+LFO2Cfv1p8=
133,13,NoWbTcNFAYST2L/Qq/ZgUXPAIqI=,TUwrXr0ir1g33BtB+LFO2Cfv1p8=
129,14,NoWbTcNFAYST2L/Qq/ZgUXPAIqI=,TUwrXr0ir1g33BtB+LFO2Cfv1p8=
130,14,NoWbTcNFAYST2L/Qq/ZgUXPAIqI=,TUwrXr0ir1g33BtB+LFO2Cfv1p8=
131,12,NoWbTcNFAYST2L/Qq/ZgUXPAIqI=,TUwrXr0ir1g33BtB+LFO2Cfv1p8=
132,12,NoWbTcNFAYST2L/Qq/ZgUXPAIqI=,TUwrXr0ir1g33BtB+LFO2Cfv1p8=
130,12,NoWbTcNFAYST2L/Qq/ZgUXPAIqI=,TUwrXr0ir1g33BtB+LFO2Cfv1p8=
134,12,NoWbTcNFAYST2L/Qq/ZgUXPAIqI=,TUwrXr0ir1g33BtB+LFO2Cfv1p8=
135,11,NoWbTcNFAYST2L/Qq/ZgUXPAIqI=,TUwrXr0ir1g33BtB+LFO2Cfv1p8=
129,12,NoWbTcNFAYST2L/Qq/ZgUXPAIqI=,TUwrXr0ir1g33BtB+LFO2Cfv1p8=
128,12,NoWbTcNFAYST2L/Qq/ZgUXPAIqI=,TUwrXr0ir1g33BtB+LFO2Cfv1p8=
133,11,NoWbTcNFAYST2L/Qq/ZgUXPAIqI=,TUwrXr0ir1g33BtB+LFO2Cfv1p8=
133,12,NoWbTcNFAYST2L/Qq/ZgUXPAIqI=,TUwrXr0ir1g33BtB+LFO2Cfv1p8=
131,11,NoWbTcNFAYST2L/Qq/ZgUXPAIqI=,TUwrXr0ir1g33BtB+LFO2Cfv1p8=
134,11,NoWbTcNFAYST2L/Qq/ZgUXPAIqI=,TUwrXr0ir1g33BtB+LFO2Cfv1p8=
128,11,NoWbTcNFAYST2L/Qq/ZgUXPAIqI=,TUwrXr0ir1g33BtB+LFO2Cfv1p8=
134,10,NoWbTcNFAYST2L/Qq/ZgUXPAIqI=,TUwrXr0ir1g33BtB+LFO2Cfv1p8=
132,11,NoWbTcNFAYST2L/Qq/ZgUXPAIqI=,TUwrXr0ir1g33BtB+LFO2Cfv1p8=
132,10,NoWbTcNFAYST2L/Qq/ZgUXPAIqI=,TUwrXr0ir1g33BtB+LFO2Cfv1p8=
131,10,NoWbTcNFAYST2L/Qq/ZgUXPAIqI=,TUwrXr0ir1g33BtB+LFO2Cfv1p8=
135,9,NoWbTcNFAYST2L/Qq/ZgUXPAIqI=,TUwrXr0ir1g33BtB+LFO2Cfv1p8=
131,14,NoWbTcNFAYST2L/Qq/ZgUXPAIqI=,TUwrXr0ir1g33BtB+LFO2Cfv1p8=
134,9,NoWbTcNFAYST2L/Qq/ZgUXPAIqI=,TUwrXr0ir1g33BtB+LFO2Cfv1p8=
129,11,NoWbTcNFAYST2L/Qq/ZgUXPAIqI=,TUwrXr0ir1g33BtB+LFO2Cfv1p8=
132,14,NoWbTcNFAYST2L/Qq/ZgUXPAIqI=,TUwrXr0ir1g33BtB+LFO2Cfv1p8=
128,10,NoWbTcNFAYST2L/Qq/ZgUXPAIqI=,TUwrXr0ir1g33BtB+LFO2Cfv1p8=
133,9,NoWbTcNFAYST2L/Qq/ZgUXPAIqI=,TUwrXr0ir1g33BtB+LFO2Cfv1p8=
131,9,NoWbTcNFAYST2L/Qq/ZgUXPAIqI=,TUwrXr0ir1g33BtB+LFO2Cfv1p8=
133,14,NoWbTcNFAYST2L/Qq/ZgUXPAIqI=,TUwrXr0ir1g33BtB+LFO2Cfv1p8=
132,9,NoWbTcNFAYST2L/Qq/ZgUXPAIqI=,TUwrXr0ir1g33BtB+LFO2Cfv1p8=
130,9,NoWbTcNFAYST2L/Qq/ZgUXPAIqI=,TUwrXr0ir1g33BtB+LFO2Cfv1p8=
130,10,NoWbTcNFAYST2L/Qq/ZgUXPAIqI=,TUwrXr0ir1g33BtB+LFO2Cfv1p8=
135,10,NoWbTcNFAYST2L/Qq/ZgUXPAIqI=,TUwrXr0ir1g33BtB+LFO2Cfv1p8=
134,14,NoWbTcNFAYST2L/Qq/ZgUXPAIqI=,TUwrXr0ir1g33BtB+LFO2Cfv1p8=
135,15,NoWbTcNFAYST2L/Qq/ZgUXPAIqI=,TUwrXr0ir1g33BtB+LFO2Cfv1p8=
133,10,NoWbTcNFAYST2L/Qq/ZgUXPAIqI=,TUwrXr0ir1g33BtB+LFO2Cfv1p8=
134,15,NoWbTcNFAYST2L/Qq/ZgUXPAIqI=,TUwrXr0ir1g33BtB+LFO2Cfv1p8=
135,14,NoWbTcNFAYST2L/Qq/ZgUXPAIqI=,TUwrXr0ir1g33BtB+LFO2Cfv1p8=
130,11,NoWbTcNFAYST2L/Qq/ZgUXPAIqI=,TUwrXr0ir1g33BtB+LFO2Cfv1p8=
132,15,NoWbTcNFAYST2L/Qq/ZgUXPAIqI=,TUwrXr0ir1g33BtB+LFO2Cfv1p8=
131,15,NoWbTcNFAYST2L/Qq/ZgUXPAIqI=,TUwrXr0ir1g33BtB+LFO2Cfv1p8=
130,15,NoWbTcNFAYST2L/Qq/ZgUXPAIqI=,TUwrXr0ir1g33BtB+LFO2Cfv1p8=
129,15,NoWbTcNFAYST2L/Qq/ZgUXPAIqI=,TUwrXr0ir1g33BtB+LFO2Cfv1p8=
133,15,NoWbTcNFAYST2L/Qq/ZgUXPAIqI=,TUwrXr0ir1g33BtB+LFO2Cfv1p8=
129,9,NoWbTcNFAYST2L/Qq/ZgUXPAIqI=,TUwrXr0ir1g33BtB+LFO2Cfv1p8=
129,10,NoWbTcNFAYST2L/Qq/ZgUXPAIqI=,TUwrXr0ir1g33BtB+LFO2Cfv1p8=
128,15,NoWbTcNFAYST2L/Qq/ZgUXPAIqI=,TUwrXr0ir1g33BtB+LFO2Cfv1p8=
128,0,NoWbTcNFAYST2L/Qq/ZgUXPAIqI=,+bWyiy9XqQBT6ZNUU6o0vLC9GaE=
129,0,NoWbTcNFAYST2L/Qq/ZgUXPAIqI=,+bWyiy9XqQBT6ZNUU6o0vLC9GaE=
128,9,NoWbTcNFAYST2L/Qq/ZgUXPAIqI=,TUwrXr0ir1g33BtB+LFO2Cfv1p8=
130,0,NoWbTcNFAYST2L/Qq/ZgUXPAIqI=,+bWyiy9XqQBT6ZNUU6o0vLC9GaE=
131,0,NoWbTcNFAYST2L/Qq/ZgUXPAIqI=,+bWyiy9XqQBT6ZNUU6o0vLC9GaE=
133,0,NoWbTcNFAYST2L/Qq/ZgUXPAIqI=,+bWyiy9XqQBT6ZNUU6o0vLC9GaE=
134,0,NoWbTcNFAYST2L/Qq/ZgUXPAIqI=,+bWyiy9XqQBT6ZNUU6o0vLC9GaE=
129,7,NoWbTcNFAYST2L/Qq/ZgUXPAIqI=,+bWyiy9XqQBT6ZNUU6o0vLC9GaE=
130,7,NoWbTcNFAYST2L/Qq/ZgUXPAIqI=,+bWyiy9XqQBT6ZNUU6o0vLC9GaE=
131,7,NoWbTcNFAYST2L/Qq/ZgUXPAIqI=,+bWyiy9XqQBT6ZNUU6o0vLC9GaE=
132,7,NoWbTcNFAYST2L/Qq/ZgUXPAIqI=,+bWyiy9XqQBT6ZNUU6o0vLC9GaE=
134,5,NoWbTcNFAYST2L/Qq/ZgUXPAIqI=,+bWyiy9XqQBT6ZNUU6o0vLC9GaE=
128,7,NoWbTcNFAYST2L/Qq/ZgUXPAIqI=,+bWyiy9XqQBT6ZNUU6o0vLC9GaE=
132,0,NoWbTcNFAYST2L/Qq/ZgUXPAIqI=,+bWyiy9XqQBT6ZNUU6o0vLC9GaE=
134,6,NoWbTcNFAYST2L/Qq/ZgUXPAIqI=,+bWyiy9XqQBT6ZNUU6o0vLC9GaE=
130,6,NoWbTcNFAYST2L/Qq/ZgUXPAIqI=,+bWyiy9XqQBT6ZNUU6o0vLC9GaE=
129,6,NoWbTcNFAYST2L/Qq/ZgUXPAIqI=,+bWyiy9XqQBT6ZNUU6o0vLC9GaE=
128,6,NoWbTcNFAYST2L/Qq/ZgUXPAIqI=,+bWyiy9XqQBT6ZNUU6o0vLC9GaE=
130,3,NoWbTcNFAYST2L/Qq/ZgUXPAIqI=,+bWyiy9XqQBT6ZNUU6o0vLC9GaE=
133,5,NoWbTcNFAYST2L/Qq/ZgUXPAIqI=,+bWyiy9XqQBT6ZNUU6o0vLC9GaE=
128,3,NoWbTcNFAYST2L/Qq/ZgUXPAIqI=,+bWyiy9XqQBT6ZNUU6o0vLC9GaE=
134,8,NoWbTcNFAYST2L/Qq/ZgUXPAIqI=,TUwrXr0ir1g33BtB+LFO2Cfv1p8=
128,1,NoWbTcNFAYST2L/Qq/ZgUXPAIqI=,+bWyiy9XqQBT6ZNUU6o0vLC9GaE=
133,6,NoWbTcNFAYST2L/Qq/ZgUXPAIqI=,+bWyiy9XqQBT6ZNUU6o0vLC9GaE=
133,8,NoWbTcNFAYST2L/Qq/ZgUXPAIqI=,TUwrXr0ir1g33BtB+LFO2Cfv1p8=
131,6,NoWbTcNFAYST2L/Qq/ZgUXPAIqI=,+bWyiy9XqQBT6ZNUU6o0vLC9GaE=
132,8,NoWbTcNFAYST2L/Qq/ZgUXPAIqI=,TUwrXr0ir1g33BtB+LFO2Cfv1p8=
129,3,NoWbTcNFAYST2L/Qq/ZgUXPAIqI=,+bWyiy9XqQBT6ZNUU6o0vLC9GaE=
131,8,NoWbTcNFAYST2L/Qq/ZgUXPAIqI=,TUwrXr0ir1g33BtB+LFO2Cfv1p8=
132,6,NoWbTcNFAYST2L/Qq/ZgUXPAIqI=,+bWyiy9XqQBT6ZNUU6o0vLC9GaE=
128,5,NoWbTcNFAYST2L/Qq/ZgUXPAIqI=,+bWyiy9XqQBT6ZNUU6o0vLC9GaE=
130,8,NoWbTcNFAYST2L/Qq/ZgUXPAIqI=,TUwrXr0ir1g33BtB+LFO2Cfv1p8=
132,1,NoWbTcNFAYST2L/Qq/ZgUXPAIqI=,+bWyiy9XqQBT6ZNUU6o0vLC9GaE=
130,5,NoWbTcNFAYST2L/Qq/ZgUXPAIqI=,+bWyiy9XqQBT6ZNUU6o0vLC9GaE=
129,5,NoWbTcNFAYST2L/Qq/ZgUXPAIqI=,+bWyiy9XqQBT6ZNUU6o0vLC9GaE=
134,4,NoWbTcNFAYST2L/Qq/ZgUXPAIqI=,+bWyiy9XqQBT6ZNUU6o0vLC9GaE=
133,4,NoWbTcNFAYST2L/Qq/ZgUXPAIqI=,+bWyiy9XqQBT6ZNUU6o0vLC9GaE=
134,1,NoWbTcNFAYST2L/Qq/ZgUXPAIqI=,+bWyiy9XqQBT6ZNUU6o0vLC9GaE=
133,1,NoWbTcNFAYST2L/Qq/ZgUXPAIqI=,+bWyiy9XqQBT6ZNUU6o0vLC9GaE=
132,5,NoWbTcNFAYST2L/Qq/ZgUXPAIqI=,+bWyiy9XqQBT6ZNUU6o0vLC9GaE=
134,3,NoWbTcNFAYST2L/Qq/ZgUXPAIqI=,+bWyiy9XqQBT6ZNUU6o0vLC9GaE=
134,7,NoWbTcNFAYST2L/Qq/ZgUXPAIqI=,+bWyiy9XqQBT6ZNUU6o0vLC9GaE=
131,5,NoWbTcNFAYST2L/Qq/ZgUXPAIqI=,+bWyiy9XqQBT6ZNUU6o0vLC9GaE=
128,4,NoWbTcNFAYST2L/Qq/ZgUXPAIqI=,+bWyiy9XqQBT6ZNUU6o0vLC9GaE=
131,3,NoWbTcNFAYST2L/Qq/ZgUXPAIqI=,+bWyiy9XqQBT6ZNUU6o0vLC9GaE=
129,4,NoWbTcNFAYST2L/Qq/ZgUXPAIqI=,+bWyiy9XqQBT6ZNUU6o0vLC9GaE=
130,4,NoWbTcNFAYST2L/Qq/ZgUXPAIqI=,+bWyiy9XqQBT6ZNUU6o0vLC9GaE=
129,1,NoWbTcNFAYST2L/Qq/ZgUXPAIqI=,+bWyiy9XqQBT6ZNUU6o0vLC9GaE=
132,4,NoWbTcNFAYST2L/Qq/ZgUXPAIqI=,+bWyiy9XqQBT6ZNUU6o0vLC9GaE=
129,2,NoWbTcNFAYST2L/Qq/ZgUXPAIqI=,+bWyiy9XqQBT6ZNUU6o0vLC9GaE=
128,2,NoWbTcNFAYST2L/Qq/ZgUXPAIqI=,+bWyiy9XqQBT6ZNUU6o0vLC9GaE=
132,3,NoWbTcNFAYST2L/Qq/ZgUXPAIqI=,+bWyiy9XqQBT6ZNUU6o0vLC9GaE=
131,4,NoWbTcNFAYST2L/Qq/ZgUXPAIqI=,+bWyiy9XqQBT6ZNUU6o0vLC9GaE=
131,1,NoWbTcNFAYST2L/Qq/ZgUXPAIqI=,+bWyiy9XqQBT6ZNUU6o0vLC9GaE=
133,3,NoWbTcNFAYST2L/Qq/ZgUXPAIqI=,+bWyiy9XqQBT6ZNUU6o0vLC9GaE=
132,2,NoWbTcNFAYST2L/Qq/ZgUXPAIqI=,+bWyiy9XqQBT6ZNUU6o0vLC9GaE=
129,8,NoWbTcNFAYST2L/Qq/ZgUXPAIqI=,TUwrXr0ir1g33BtB+LFO2Cfv1p8=
140,6,NoWbTcNFAYST2L/Qq/ZgUXPAIqI=,LZ6VEMgBxZaZCBOHWbqY80xkqf8=
141,6,NoWbTcNFAYST2L/Qq/ZgUXPAIqI=,LZ6VEMgBxZaZCBOHWbqY80xkqf8=
135,6,NoWbTcNFAYST2L/Qq/ZgUXPAIqI=,+bWyiy9XqQBT6ZNUU6o0vLC9GaE=
139,0,NoWbTcNFAYST2L/Qq/ZgUXPAIqI=,LZ6VEMgBxZaZCBOHWbqY80xkqf8=
139,7,NoWbTcNFAYST2L/Qq/ZgUXPAIqI=,LZ6VEMgBxZaZCBOHWbqY80xkqf8=
138,7,NoWbTcNFAYST2L/Qq/ZgUXPAIqI=,LZ6VEMgBxZaZCBOHWbqY80xkqf8=
139,6,NoWbTcNFAYST2L/Qq/ZgUXPAIqI=,LZ6VEMgBxZaZCBOHWbqY80xkqf8=
137,7,NoWbTcNFAYST2L/Qq/ZgUXPAIqI=,LZ6VEMgBxZaZCBOHWbqY80xkqf8=
138,6,NoWbTcNFAYST2L/Qq/ZgUXPAIqI=,LZ6VEMgBxZaZCBOHWbqY80xkqf8=
141,5,NoWbTcNFAYST2L/Qq/ZgUXPAIqI=,LZ6VEMgBxZaZCBOHWbqY80xkqf8=
138,0,NoWbTcNFAYST2L/Qq/ZgUXPAIqI=,LZ6VEMgBxZaZCBOHWbqY80xkqf8=
136,5,NoWbTcNFAYST2L/Qq/ZgUXPAIqI=,LZ6VEMgBxZaZCBOHWbqY80xkqf8=
133,7,NoWbTcNFAYST2L/Qq/ZgUXPAIqI=,+bWyiy9XqQBT6ZNUU6o0vLC9GaE=
139,5,NoWbTcNFAYST2L/Qq/ZgUXPAIqI=,LZ6VEMgBxZaZCBOHWbqY80xkqf8=
138,5,NoWbTcNFAYST2L/Qq/ZgUXPAIqI=,LZ6VEMgBxZaZCBOHWbqY80xkqf8=
136,7,NoWbTcNFAYST2L/Qq/ZgUXPAIqI=,LZ6VEMgBxZaZCBOHWbqY80xkqf8=
137,0,NoWbTcNFAYST2L/Qq/ZgUXPAIqI=,LZ6VEMgBxZaZCBOHWbqY80xkqf8=
137,5,NoWbTcNFAYST2L/Qq/ZgUXPAIqI=,LZ6VEMgBxZaZCBOHWbqY80xkqf8=
140,5,NoWbTcNFAYST2L/Qq/ZgUXPAIqI=,LZ6VEMgBxZaZCBOHWbqY80xkqf8=
136,1,NoWbTcNFAYST2L/Qq/ZgUXPAIqI=,LZ6VEMgBxZaZCBOHWbqY80xkqf8=
137,1,NoWbTcNFAYST2L/Qq/ZgUXPAIqI=,LZ6VEMgBxZaZCBOHWbqY80xkqf8=
143,0,NoWbTcNFAYST2L/Qq/ZgUXPAIqI=,LZ6VEMgBxZaZCBOHWbqY80xkqf8=
143,6,NoWbTcNFAYST2L/Qq/ZgUXPAIqI=,LZ6VEMgBxZaZCBOHWbqY80xkqf8=
142,0,NoWbTcNFAYST2L/Qq/ZgUXPAIqI=,LZ6VEMgBxZaZCBOHWbqY80xkqf8=
141,0,NoWbTcNFAYST2L/Qq/ZgUXPAIqI=,LZ6VEMgBxZaZCBOHWbqY80xkqf8=
137,6,NoWbTcNFAYST2L/Qq/ZgUXPAIqI=,LZ6VEMgBxZaZCBOHWbqY80xkqf8=
135,8,NoWbTcNFAYST2L/Qq/ZgUXPAIqI=,TUwrXr0ir1g33BtB+LFO2Cfv1p8=
136,6,NoWbTcNFAYST2L/Qq/ZgUXPAIqI=,LZ6VEMgBxZaZCBOHWbqY80xkqf8=
131,2,NoWbTcNFAYST2L/Qq/ZgUXPAIqI=,+bWyiy9XqQBT6ZNUU6o0vLC9GaE=
134,2,NoWbTcNFAYST2L/Qq/ZgUXPAIqI=,+bWyiy9XqQBT6ZNUU6o0vLC9GaE=
130,2,NoWbTcNFAYST2L/Qq/ZgUXPAIqI=,+bWyiy9XqQBT6ZNUU6o0vLC9GaE=
135,5,NoWbTcNFAYST2L/Qq/ZgUXPAIqI=,+bWyiy9XqQBT6ZNUU6o0vLC9GaE=
135,1,NoWbTcNFAYST2L/Qq/ZgUXPAIqI=,+bWyiy9XqQBT6ZNUU6o0vLC9GaE=
130,1,NoWbTcNFAYST2L/Qq/ZgUXPAIqI=,+bWyiy9XqQBT6ZNUU6o0vLC9GaE=
133,2,NoWbTcNFAYST2L/Qq/ZgUXPAIqI=,+bWyiy9XqQBT6ZNUU6o0vLC9GaE=
140,1,NoWbTcNFAYST2L/Qq/ZgUXPAIqI=,LZ6VEMgBxZaZCBOHWbqY80xkqf8=
139,1,NoWbTcNFAYST2L/Qq/ZgUXPAIqI=,LZ6VEMgBxZaZCBOHWbqY80xkqf8=
143,1,NoWbTcNFAYST2L/Qq/ZgUXPAIqI=,LZ6VEMgBxZaZCBOHWbqY80xkqf8=
135,7,NoWbTcNFAYST2L/Qq/ZgUXPAIqI=,+bWyiy9XqQBT6ZNUU6o0vLC9GaE=
136,0,NoWbTcNFAYST2L/Qq/ZgUXPAIqI=,LZ6VEMgBxZaZCBOHWbqY80xkqf8=
128,8,NoWbTcNFAYST2L/Qq/ZgUXPAIqI=,TUwrXr0ir1g33BtB+LFO2Cfv1p8=
142,6,NoWbTcNFAYST2L/Qq/ZgUXPAIqI=,LZ6VEMgBxZaZCBOHWbqY80xkqf8=
142,5,NoWbTcNFAYST2L/Qq/ZgUXPAIqI=,LZ6VEMgBxZaZCBOHWbqY80xkqf8=
135,0,NoWbTcNFAYST2L/Qq/ZgUXPAIqI=,+bWyiy9XqQBT6ZNUU6o0vLC9GaE=
138,1,NoWbTcNFAYST2L/Qq/ZgUXPAIqI=,LZ6VEMgBxZaZCBOHWbqY80xkqf8=
143,5,NoWbTcNFAYST2L/Qq/ZgUXPAIqI=,LZ6VEMgBxZaZCBOHWbqY80xkqf8=
143,7,NoWbTcNFAYST2L/Qq/ZgUXPAIqI=,LZ6VEMgBxZaZCBOHWbqY80xkqf8=
140,0,NoWbTcNFAYST2L/Qq/ZgUXPAIqI=,LZ6VEMgBxZaZCBOHWbqY80xkqf8=
142,7,NoWbTcNFAYST2L/Qq/ZgUXPAIqI=,LZ6VEMgBxZaZCBOHWbqY80xkqf8=
141,7,NoWbTcNFAYST2L/Qq/ZgUXPAIqI=,LZ6VEMgBxZaZCBOHWbqY80xkqf8=
140,7,NoWbTcNFAYST2L/Qq/ZgUXPAIqI=,LZ6VEMgBxZaZCBOHWbqY80xkqf8=
139,4,NoWbTcNFAYST2L/Qq/ZgUXPAIqI=,LZ6VEMgBxZaZCBOHWbqY80xkqf8=
142,4,NoWbTcNFAYST2L/Qq/ZgUXPAIqI=,LZ6VEMgBxZaZCBOHWbqY80xkqf8=
138,4,NoWbTcNFAYST2L/Qq/ZgUXPAIqI=,LZ6VEMgBxZaZCBOHWbqY80xkqf8=
141,4,NoWbTcNFAYST2L/Qq/ZgUXPAIqI=,LZ6VEMgBxZaZCBOHWbqY80xkqf8=
141,1,NoWbTcNFAYST2L/Qq/ZgUXPAIqI=,LZ6VEMgBxZaZCBOHWbqY80xkqf8=
143,4,NoWbTcNFAYST2L/Qq/ZgUXPAIqI=,LZ6VEMgBxZaZCBOHWbqY80xkqf8=
140,4,NoWbTcNFAYST2L/Qq/ZgUXPAIqI=,LZ6VEMgBxZaZCBOHWbqY80xkqf8=
142,1,NoWbTcNFAYST2L/Qq/ZgUXPAIqI=,LZ6VEMgBxZaZCBOHWbqY80xkqf8=
136,3,NoWbTcNFAYST2L/Qq/ZgUXPAIqI=,LZ6VEMgBxZaZCBOHWbqY80xkqf8=
135,4,NoWbTcNFAYST2L/Qq/ZgUXPAIqI=,+bWyiy9XqQBT6ZNUU6o0vLC9GaE=
137,4,NoWbTcNFAYST2L/Qq/ZgUXPAIqI=,LZ6VEMgBxZaZCBOHWbqY80xkqf8=
137,2,NoWbTcNFAYST2L/Qq/ZgUXPAIqI=,LZ6VEMgBxZaZCBOHWbqY80xkqf8=
143,2,NoWbTcNFAYST2L/Qq/ZgUXPAIqI=,LZ6VEMgBxZaZCBOHWbqY80xkqf8=
137,3,NoWbTcNFAYST2L/Qq/ZgUXPAIqI=,LZ6VEMgBxZaZCBOHWbqY80xkqf8=
142,3,NoWbTcNFAYST2L/Qq/ZgUXPAIqI=,LZ6VEMgBxZaZCBOHWbqY80xkqf8=
141,2,NoWbTcNFAYST2L/Qq/ZgUXPAIqI=,LZ6VEMgBxZaZCBOHWbqY80xkqf8=
136,2,NoWbTcNFAYST2L/Qq/ZgUXPAIqI=,LZ6VEMgBxZaZCBOHWbqY80xkqf8=
139,3,NoWbTcNFAYST2L/Qq/ZgUXPAIqI=,LZ6VEMgBxZaZCBOHWbqY80xkqf8=
135,3,NoWbTcNFAYST2L/Qq/ZgUXPAIqI=,+bWyiy9XqQBT6ZNUU6o0vLC9GaE=
136,4,NoWbTcNFAYST2L/Qq/ZgUXPAIqI=,LZ6VEMgBxZaZCBOHWbqY80xkqf8=
139,2,NoWbTcNFAYST2L/Qq/ZgUXPAIqI=,LZ6VEMgBxZaZCBOHWbqY80xkqf8=
142,2,NoWbTcNFAYST2L/Qq/ZgUXPAIqI=,LZ6VEMgBxZaZCBOHWbqY80xkqf8=
141,3,NoWbTcNFAYST2L/Qq/ZgUXPAIqI=,LZ6VEMgBxZaZCBOHWbqY80xkqf8=
140,2,NoWbTcNFAYST2L/Qq/ZgUXPAIqI=,LZ6VEMgBxZaZCBOHWbqY80xkqf8=
143,3,NoWbTcNFAYST2L/Qq/ZgUXPAIqI=,LZ6VEMgBxZaZCBOHWbqY80xkqf8=
135,2,NoWbTcNFAYST2L/Qq/ZgUXPAIqI=,+bWyiy9XqQBT6ZNUU6o0vLC9GaE=
138,3,NoWbTcNFAYST2L/Qq/ZgUXPAIqI=,LZ6VEMgBxZaZCBOHWbqY80xkqf8=
140,3,NoWbTcNFAYST2L/Qq/ZgUXPAIqI=,LZ6VEMgBxZaZCBOHWbqY80xkqf8=
138,2,NoWbTcNFAYST2L/Qq/ZgUXPAIqI=,LZ6VEMgBxZaZCBOHWbqY80xkqf8=
158,7,Ohlomc0j0TM9lH4nmB45l38S3EQ=,xRan4MuYFxgO8o6aNZuVSiYnppU=
157,7,Ohlomc0j0TM9lH4nmB45l38S3EQ=,xRan4MuYFxgO8o6aNZuVSiYnppU=
156,7,Ohlomc0j0TM9lH4nmB45l38S3EQ=,xRan4MuYFxgO8o6aNZuVSiYnppU=
155,7,Ohlomc0j0TM9lH4nmB45l38S3EQ=,xRan4MuYFxgO8o6aNZuVSiYnppU=
154,7,Ohlomc0j0TM9lH4nmB45l38S3EQ=,xRan4MuYFxgO8o6aNZuVSiYnppU=
153,7,Ohlomc0j0TM9lH4nmB45l38S3EQ=,xRan4MuYFxgO8o6aNZuVSiYnppU=
157,6,Ohlomc0j0TM9lH4nmB45l38S3EQ=,xRan4MuYFxgO8o6aNZuVSiYnppU=
156,6,Ohlomc0j0TM9lH4nmB45l38S3EQ=,xRan4MuYFxgO8o6aNZuVSiYnppU=
158,6,Ohlomc0j0TM9lH4nmB45l38S3EQ=,xRan4MuYFxgO8o6aNZuVSiYnppU=
159,7,Ohlomc0j0TM9lH4nmB45l38S3EQ=,xRan4MuYFxgO8o6aNZuVSiYnppU=
153,6,Ohlomc0j0TM9lH4nmB45l38S3EQ=,xRan4MuYFxgO8o6aNZuVSiYnppU=
154,6,Ohlomc0j0TM9lH4nmB45l38S3EQ=,xRan4MuYFxgO8o6aNZuVSiYnppU=
159,6,Ohlomc0j0TM9lH4nmB45l38S3EQ=,xRan4MuYFxgO8o6aNZuVSiYnppU=
155,6,Ohlomc0j0TM9lH4nmB45l38S3EQ=,xRan4MuYFxgO8o6aNZuVSiYnppU=
159,0,Ohlomc0j0TM9lH4nmB45l38S3EQ=,xRan4MuYFxgO8o6aNZuVSiYnppU=
157,1,Ohlomc0j0TM9lH4nmB45l38S3EQ=,xRan4MuYFxgO8o6aNZuVSiYnppU=
158,0,Ohlomc0j0TM9lH4nmB45l38S3EQ=,xRan4MuYFxgO8o6aNZuVSiYnppU=
158,1,Ohlomc0j0TM9lH4nmB45l38S3EQ=,xRan4MuYFxgO8o6aNZuVSiYnppU=
157,0,Ohlomc0j0TM9lH4nmB45l38S3EQ=,xRan4MuYFxgO8o6aNZuVSiYnppU=
156,0,Ohlomc0j0TM9lH4nmB45l38S3EQ=,xRan4MuYFxgO8o6aNZuVSiYnppU=
154,0,Ohlomc0j0TM9lH4nmB45l38S3EQ=,xRan4MuYFxgO8o6aNZuVSiYnppU=
155,0,Ohlomc0j0TM9lH4nmB45l38S3EQ=,xRan4MuYFxgO8o6aNZuVSiYnppU=
153,0,Ohlomc0j0TM9lH4nmB45l38S3EQ=,xRan4MuYFxgO8o6aNZuVSiYnppU=
159,1,Ohlomc0j0TM9lH4nmB45l38S3EQ=,xRan4MuYFxgO8o6aNZuVSiYnppU=
155,1,Ohlomc0j0TM9lH4nmB45l38S3EQ=,xRan4MuYFxgO8o6aNZuVSiYnppU=
154,1,Ohlomc0j0TM9lH4nmB45l38S3EQ=,xRan4MuYFxgO8o6aNZuVSiYnppU=
156,1,Ohlomc0j0TM9lH4nmB45l38S3EQ=,xRan4MuYFxgO8o6aNZuVSiYnppU=
153,1,Ohlomc0j0TM9lH4nmB45l38S3EQ=,xRan4MuYFxgO8o6aNZuVSiYnppU=
154,5,Ohlomc0j0TM9lH4nmB45l38S3EQ=,xRan4MuYFxgO8o6aNZuVSiYnppU=
153,2,Ohlomc0j0TM9lH4nmB45l38S3EQ=,xRan4MuYFxgO8o6aNZuVSiYnppU=
153,3,Ohlomc0j0TM9lH4nmB45l38S3EQ=,xRan4MuYFxgO8o6aNZuVSiYnppU=
158,2,Ohlomc0j0TM9lH4nmB45l38S3EQ=,xRan4MuYFxgO8o6aNZuVSiYnppU=
158,5,Ohlomc0j0TM9lH4nmB45l38S3EQ=,xRan4MuYFxgO8o6aNZuVSiYnppU=
153,5,Ohlomc0j0TM9lH4nmB45l38S3EQ=,xRan4MuYFxgO8o6aNZuVSiYnppU=
157,2,Ohlomc0j0TM9lH4nmB45l38S3EQ=,xRan4MuYFxgO8o6aNZuVSiYnppU=
159,2,Ohlomc0j0TM9lH4nmB45l38S3EQ=,xRan4MuYFxgO8o6aNZuVSiYnppU=
154,3,Ohlomc0j0TM9lH4nmB45l38S3EQ=,xRan4MuYFxgO8o6aNZuVSiYnppU=
155,5,Ohlomc0j0TM9lH4nmB45l38S3EQ=,xRan4MuYFxgO8o6aNZuVSiYnppU=
159,5,Ohlomc0j0TM9lH4nmB45l38S3EQ=,xRan4MuYFxgO8o6aNZuVSiYnppU=
156,3,Ohlomc0j0TM9lH4nmB45l38S3EQ=,xRan4MuYFxgO8o6aNZuVSiYnppU=
156,2,Ohlomc0j0TM9lH4nmB45l38S3EQ=,xRan4MuYFxgO8o6aNZuVSiYnppU=
154,2,Ohlomc0j0TM9lH4nmB45l38S3EQ=,xRan4MuYFxgO8o6aNZuVSiYnppU=
155,2,Ohlomc0j0TM9lH4nmB45l38S3EQ=,xRan4MuYFxgO8o6aNZuVSiYnppU=
155,3,Ohlomc0j0TM9lH4nmB45l38S3EQ=,xRan4MuYFxgO8o6aNZuVSiYnppU=
159,3,Ohlomc0j0TM9lH4nmB45l38S3EQ=,xRan4MuYFxgO8o6aNZuVSiYnppU=
158,4,Ohlomc0j0TM9lH4nmB45l38S3EQ=,xRan4MuYFxgO8o6aNZuVSiYnppU=
157,5,Ohlomc0j0TM9lH4nmB45l38S3EQ=,xRan4MuYFxgO8o6aNZuVSiYnppU=
158,3,Ohlomc0j0TM9lH4nmB45l38S3EQ=,xRan4MuYFxgO8o6aNZuVSiYnppU=
153,4,Ohlomc0j0TM9lH4nmB45l38S3EQ=,xRan4MuYFxgO8o6aNZuVSiYnppU=
156,5,Ohlomc0j0TM9lH4nmB45l38S3EQ=,xRan4MuYFxgO8o6aNZuVSiYnppU=
154,4,Ohlomc0j0TM9lH4nmB45l38S3EQ=,xRan4MuYFxgO8o6aNZuVSiYnppU=
157,3,Ohlomc0j0TM9lH4nmB45l38S3EQ=,xRan4MuYFxgO8o6aNZuVSiYnppU=
157,4,Ohlomc0j0TM9lH4nmB45l38S3EQ=,xRan4MuYFxgO8o6aNZuVSiYnppU=
159,4,Ohlomc0j0TM9lH4nmB45l38S3EQ=,xRan4MuYFxgO8o6aNZuVSiYnppU=
156,4,Ohlomc0j0TM9lH4nmB45l38S3EQ=,xRan4MuYFxgO8o6aNZuVSiYnppU=
155,4,Ohlomc0j0TM9lH4nmB45l38S3EQ=,xRan4MuYFxgO8o6aNZuVSiYnppU=
149,7,Ohlomc0j0TM9lH4nmB45l38S3EQ=,0vUbPgwlE1uvclg3p3uPQBbqT6M=
151,7,Ohlomc0j0TM9lH4nmB45l38S3EQ=,0vUbPgwlE1uvclg3p3uPQBbqT6M=
150,7,Ohlomc0j0TM9lH4nmB45l38S3EQ=,0vUbPgwlE1uvclg3p3uPQBbqT6M=
147,7,Ohlomc0j0TM9lH4nmB45l38S3EQ=,0vUbPgwlE1uvclg3p3uPQBbqT6M=
144,7,Ohlomc0j0TM9lH4nmB45l38S3EQ=,0vUbPgwlE1uvclg3p3uPQBbqT6M=
148,7,Ohlomc0j0TM9lH4nmB45l38S3EQ=,0vUbPgwlE1uvclg3p3uPQBbqT6M=
145,7,Ohlomc0j0TM9lH4nmB45l38S3EQ=,0vUbPgwlE1uvclg3p3uPQBbqT6M=
146,7,Ohlomc0j0TM9lH4nmB45l38S3EQ=,0vUbPgwlE1uvclg3p3uPQBbqT6M=
151,6,Ohlomc0j0TM9lH4nmB45l38S3EQ=,0vUbPgwlE1uvclg3p3uPQBbqT6M=
152,7,Ohlomc0j0TM9lH4nmB45l38S3EQ=,xRan4MuYFxgO8o6aNZuVSiYnppU=
149,6,Ohlomc0j0TM9lH4nmB45l38S3EQ=,0vUbPgwlE1uvclg3p3uPQBbqT6M=
150,6,Ohlomc0j0TM9lH4nmB45l38S3EQ=,0vUbPgwlE1uvclg3p3uPQBbqT6M=
146,6,Ohlomc0j0TM9lH4nmB45l38S3EQ=,0vUbPgwlE1uvclg3p3uPQBbqT6M=
144,6,Ohlomc0j0TM9lH4nmB45l38S3EQ=,0vUbPgwlE1uvclg3p3uPQBbqT6M=
152,0,Ohlomc0j0TM9lH4nmB45l38S3EQ=,xRan4MuYFxgO8o6aNZuVSiYnppU=
152,6,Ohlomc0j0TM9lH4nmB45l38S3EQ=,xRan4MuYFxgO8o6aNZuVSiYnppU=
150,0,Ohlomc0j0TM9lH4nmB45l38S3EQ=,0vUbPgwlE1uvclg3p3uPQBbqT6M=
149,0,Ohlomc0j0TM9lH4nmB45l38S3EQ=,0vUbPgwlE1uvclg3p3uPQBbqT6M=
145,0,Ohlomc0j0TM9lH4nmB45l38S3EQ=,0vUbPgwlE1uvclg3p3uPQBbqT6M=
146,0,Ohlomc0j0TM9lH4nmB45l38S3EQ=,0vUbPgwlE1uvclg3p3uPQBbqT6M=
151,0,Ohlomc0j0TM9lH4nmB45l38S3EQ=,0vUbPgwlE1uvclg3p3uPQBbqT6M=
149,5,Ohlomc0j0TM9lH4nmB45l38S3EQ=,0vUbPgwlE1uvclg3p3uPQBbqT6M=
144,5,Ohlomc0j0TM9lH4nmB45l38S3EQ=,0vUbPgwlE1uvclg3p3uPQBbqT6M=
151,5,Ohlomc0j0TM9lH4nmB45l38S3EQ=,0vUbPgwlE1uvclg3p3uPQBbqT6M=
152,5,Ohlomc0j0TM9lH4nmB45l38S3EQ=,xRan4MuYFxgO8o6aNZuVSiYnppU=
145,6,Ohlomc0j0TM9lH4nmB45l38S3EQ=,0vUbPgwlE1uvclg3p3uPQBbqT6M=
147,0,Ohlomc0j0TM9lH4nmB45l38S3EQ=,0vUbPgwlE1uvclg3p3uPQBbqT6M=
148,0,Ohlomc0j0TM9lH4nmB45l38S3EQ=,0vUbPgwlE1uvclg3p3uPQBbqT6M=
150,5,Ohlomc0j0TM9lH4nmB45l38S3EQ=,0vUbPgwlE1uvclg3p3uPQBbqT6M=
152,1,Ohlomc0j0TM9lH4nmB45l38S3EQ=,xRan4MuYFxgO8o6aNZuVSiYnppU=
150,1,Ohlomc0j0TM9lH4nmB45l38S3EQ=,0vUbPgwlE1uvclg3p3uPQBbqT6M=
148,6,Ohlomc0j0TM9lH4nmB45l38S3EQ=,0vUbPgwlE1uvclg3p3uPQBbqT6M=
151,1,Ohlomc0j0TM9lH4nmB45l38S3EQ=,0vUbPgwlE1uvclg3p3uPQBbqT6M=
149,1,Ohlomc0j0TM9lH4nmB45l38S3EQ=,0vUbPgwlE1uvclg3p3uPQBbqT6M=
144,1,Ohlomc0j0TM9lH4nmB45l38S3EQ=,0vUbPgwlE1uvclg3p3uPQBbqT6M=
145,1,Ohlomc0j0TM9lH4nmB45l38S3EQ=,0vUbPgwlE1uvclg3p3uPQBbqT6M=
147,6,Ohlomc0j0TM9lH4nmB45l38S3EQ=,0vUbPgwlE1uvclg3p3uPQBbqT6M=
144,0,Ohlomc0j0TM9lH4nmB45l38S3EQ=,0vUbPgwlE1uvclg3p3uPQBbqT6M=
145,5,Ohlomc0j0TM9lH4nmB45l38S3EQ=,0vUbPgwlE1uvclg3p3uPQBbqT6M=
152,3,Ohlomc0j0TM9lH4nmB45l38S3EQ=,xRan4MuYFxgO8o6aNZuVSiYnppU=
148,5,Ohlomc0j0TM9lH4nmB45l38S3EQ=,0vUbPgwlE1uvclg3p3uPQBbqT6M=
144,4,Ohlomc0j0TM9lH4nmB45l38S3EQ=,0vUbPgwlE1uvclg3p3uPQBbqT6M=
152,2,Ohlomc0j0TM9lH4nmB45l38S3EQ=,xRan4MuYFxgO8o6aNZuVSiYnppU=
148,1,Ohlomc0j0TM9lH4nmB45l38S3EQ=,0vUbPgwlE1uvclg3p3uPQBbqT6M=
145,4,Ohlomc0j0TM9lH4nmB45l38S3EQ=,0vUbPgwlE1uvclg3p3uPQBbqT6M=
151,4,Ohlomc0j0TM9lH4nmB45l38S3EQ=,0vUbPgwlE1uvclg3p3uPQBbqT6M=
149,2,Ohlomc0j0TM9lH4nmB45l38S3EQ=,0vUbPgwlE1uvclg3p3uPQBbqT6M=
150,4,Ohlomc0j0TM9lH4nmB45l38S3EQ=,0vUbPgwlE1uvclg3p3uPQBbqT6M=
145,3,Ohlomc0j0TM9lH4nmB45l38S3EQ=,0vUbPgwlE1uvclg3p3uPQBbqT6M=
151,3,Ohlomc0j0TM9lH4nmB45l38S3EQ=,0vUbPgwlE1uvclg3p3uPQBbqT6M=
146,5,Ohlomc0j0TM9lH4nmB45l38S3EQ=,0vUbPgwlE1uvclg3p3uPQBbqT6M=
148,3,Ohlomc0j0TM9lH4nmB45l38S3EQ=,0vUbPgwlE1uvclg3p3uPQBbqT6M=
148,2,Ohlomc0j0TM9lH4nmB45l38S3EQ=,0vUbPgwlE1uvclg3p3uPQBbqT6M=
150,3,Ohlomc0j0TM9lH4nmB45l38S3EQ=,0vUbPgwlE1uvclg3p3uPQBbqT6M=
146,4,Ohlomc0j0TM9lH4nmB45l38S3EQ=,0vUbPgwlE1uvclg3p3uPQBbqT6M=
147,2,Ohlomc0j0TM9lH4nmB45l38S3EQ=,0vUbPgwlE1uvclg3p3uPQBbqT6M=
148,4,Ohlomc0j0TM9lH4nmB45l38S3EQ=,0vUbPgwlE1uvclg3p3uPQBbqT6M=
147,3,Ohlomc0j0TM9lH4nmB45l38S3EQ=,0vUbPgwlE1uvclg3p3uPQBbqT6M=
147,5,Ohlomc0j0TM9lH4nmB45l38S3EQ=,0vUbPgwlE1uvclg3p3uPQBbqT6M=
144,3,Ohlomc0j0TM9lH4nmB45l38S3EQ=,0vUbPgwlE1uvclg3p3uPQBbqT6M=
147,4,Ohlomc0j0TM9lH4nmB45l38S3EQ=,0vUbPgwlE1uvclg3p3uPQBbqT6M=
149,4,Ohlomc0j0TM9lH4nmB45l38S3EQ=,0vUbPgwlE1uvclg3p3uPQBbqT6M=
146,3,Ohlomc0j0TM9lH4nmB45l38S3EQ=,0vUbPgwlE1uvclg3p3uPQBbqT6M=
152,4,Ohlomc0j0TM9lH4nmB45l38S3EQ=,xRan4MuYFxgO8o6aNZuVSiYnppU=
146,1,Ohlomc0j0TM9lH4nmB45l38S3EQ=,0vUbPgwlE1uvclg3p3uPQBbqT6M=
146,2,Ohlomc0j0TM9lH4nmB45l38S3EQ=,0vUbPgwlE1uvclg3p3uPQBbqT6M=
151,2,Ohlomc0j0TM9lH4nmB45l38S3EQ=,0vUbPgwlE1uvclg3p3uPQBbqT6M=
145,2,Ohlomc0j0TM9lH4nmB45l38S3EQ=,0vUbPgwlE1uvclg3p3uPQBbqT6M=
150,2,Ohlomc0j0TM9lH4nmB45l38S3EQ=,0vUbPgwlE1uvclg3p3uPQBbqT6M=
149,3,Ohlomc0j0TM9lH4nmB45l38S3EQ=,0vUbPgwlE1uvclg3p3uPQBbqT6M=
144,2,Ohlomc0j0TM9lH4nmB45l38S3EQ=,0vUbPgwlE1uvclg3p3uPQBbqT6M=
147,1,Ohlomc0j0TM9lH4nmB45l38S3EQ=,0vUbPgwlE1uvclg3p3uPQBbqT6M=
132,31,PKUyyqvpIJYJKIHTNlGeqAsQy+s=,0rgLt0rlO4Wimygjq5d2Eh6wCRA=
131,31,PKUyyqvpIJYJKIHTNlGeqAsQy+s=,0rgLt0rlO4Wimygjq5d2Eh6wCRA=
128,31,PKUyyqvpIJYJKIHTNlGeqAsQy+s=,0rgLt0rlO4Wimygjq5d2Eh6wCRA=
133,30,PKUyyqvpIJYJKIHTNlGeqAsQy+s=,0rgLt0rlO4Wimygjq5d2Eh6wCRA=
129,31,PKUyyqvpIJYJKIHTNlGeqAsQy+s=,0rgLt0rlO4Wimygjq5d2Eh6wCRA=
132,30,PKUyyqvpIJYJKIHTNlGeqAsQy+s=,0rgLt0rlO4Wimygjq5d2Eh6wCRA=
130,30,PKUyyqvpIJYJKIHTNlGeqAsQy+s=,0rgLt0rlO4Wimygjq5d2Eh6wCRA=
131,30,PKUyyqvpIJYJKIHTNlGeqAsQy+s=,0rgLt0rlO4Wimygjq5d2Eh6wCRA=
134,30,PKUyyqvpIJYJKIHTNlGeqAsQy+s=,0rgLt0rlO4Wimygjq5d2Eh6wCRA=
129,30,PKUyyqvpIJYJKIHTNlGeqAsQy+s=,0rgLt0rlO4Wimygjq5d2Eh6wCRA=
128,30,PKUyyqvpIJYJKIHTNlGeqAsQy+s=,0rgLt0rlO4Wimygjq5d2Eh6wCRA=
133,29,PKUyyqvpIJYJKIHTNlGeqAsQy+s=,0rgLt0rlO4Wimygjq5d2Eh6wCRA=
134,29,PKUyyqvpIJYJKIHTNlGeqAsQy+s=,0rgLt0rlO4Wimygjq5d2Eh6wCRA=
132,29,PKUyyqvpIJYJKIHTNlGeqAsQy+s=,0rgLt0rlO4Wimygjq5d2Eh6wCRA=
130,29,PKUyyqvpIJYJKIHTNlGeqAsQy+s=,0rgLt0rlO4Wimygjq5d2Eh6wCRA=
134,28,PKUyyqvpIJYJKIHTNlGeqAsQy+s=,0rgLt0rlO4Wimygjq5d2Eh6wCRA=
128,29,PKUyyqvpIJYJKIHTNlGeqAsQy+s=,0rgLt0rlO4Wimygjq5d2Eh6wCRA=
133,28,PKUyyqvpIJYJKIHTNlGeqAsQy+s=,0rgLt0rlO4Wimygjq5d2Eh6wCRA=
131,28,PKUyyqvpIJYJKIHTNlGeqAsQy+s=,0rgLt0rlO4Wimygjq5d2Eh6wCRA=
132,28,PKUyyqvpIJYJKIHTNlGeqAsQy+s=,0rgLt0rlO4Wimygjq5d2Eh6wCRA=
131,29,PKUyyqvpIJYJKIHTNlGeqAsQy+s=,0rgLt0rlO4Wimygjq5d2Eh6wCRA=
129,29,PKUyyqvpIJYJKIHTNlGeqAsQy+s=,0rgLt0rlO4Wimygjq5d2Eh6wCRA=
128,28,PKUyyqvpIJYJKIHTNlGeqAsQy+s=,0rgLt0rlO4Wimygjq5d2Eh6wCRA=
129,28,PKUyyqvpIJYJKIHTNlGeqAsQy+s=,0rgLt0rlO4Wimygjq5d2Eh6wCRA=
134,27,PKUyyqvpIJYJKIHTNlGeqAsQy+s=,0rgLt0rlO4Wimygjq5d2Eh6wCRA=
133,27,PKUyyqvpIJYJKIHTNlGeqAsQy+s=,0rgLt0rlO4Wimygjq5d2Eh6wCRA=
131,27,PKUyyqvpIJYJKIHTNlGeqAsQy+s=,0rgLt0rlO4Wimygjq5d2Eh6wCRA=
130,27,PKUyyqvpIJYJKIHTNlGeqAsQy+s=,0rgLt0rlO4Wimygjq5d2Eh6wCRA=
132,27,PKUyyqvpIJYJKIHTNlGeqAsQy+s=,0rgLt0rlO4Wimygjq5d2Eh6wCRA=
130,28,PKUyyqvpIJYJKIHTNlGeqAsQy+s=,0rgLt0rlO4Wimygjq5d2Eh6wCRA=
129,27,PKUyyqvpIJYJKIHTNlGeqAsQy+s=,0rgLt0rlO4Wimygjq5d2Eh6wCRA=
133,26,PKUyyqvpIJYJKIHTNlGeqAsQy+s=,0rgLt0rlO4Wimygjq5d2Eh6wCRA=
131,26,PKUyyqvpIJYJKIHTNlGeqAsQy+s=,0rgLt0rlO4Wimygjq5d2Eh6wCRA=
128,27,PKUyyqvpIJYJKIHTNlGeqAsQy+s=,0rgLt0rlO4Wimygjq5d2Eh6wCRA=
134,26,PKUyyqvpIJYJKIHTNlGeqAsQy+s=,0rgLt0rlO4Wimygjq5d2Eh6wCRA=
132,26,PKUyyqvpIJYJKIHTNlGeqAsQy+s=,0rgLt0rlO4Wimygjq5d2Eh6wCRA=
130,26,PKUyyqvpIJYJKIHTNlGeqAsQy+s=,0rgLt0rlO4Wimygjq5d2Eh6wCRA=
129,26,PKUyyqvpIJYJKIHTNlGeqAsQy+s=,0rgLt0rlO4Wimygjq5d2Eh6wCRA=
134,25,PKUyyqvpIJYJKIHTNlGeqAsQy+s=,0rgLt0rlO4Wimygjq5d2Eh6wCRA=
128,26,PKUyyqvpIJYJKIHTNlGeqAsQy+s=,0rgLt0rlO4Wimygjq5d2Eh6wCRA=
132,25,PKUyyqvpIJYJKIHTNlGeqAsQy+s=,0rgLt0rlO4Wimygjq5d2Eh6wCRA=
131,25,PKUyyqvpIJYJKIHTNlGeqAsQy+s=,0rgLt0rlO4Wimygjq5d2Eh6wCRA=
130,25,PKUyyqvpIJYJKIHTNlGeqAsQy+s=,0rgLt0rlO4Wimygjq5d2Eh6wCRA=
133,25,PKUyyqvpIJYJKIHTNlGeqAsQy+s=,0rgLt0rlO4Wimygjq5d2Eh6wCRA=
129,25,PKUyyqvpIJYJKIHTNlGeqAsQy+s=,0rgLt0rlO4Wimygjq5d2Eh6wCRA=
134,24,PKUyyqvpIJYJKIHTNlGeqAsQy+s=,0rgLt0rlO4Wimygjq5d2Eh6wCRA=
133,24,PKUyyqvpIJYJKIHTNlGeqAsQy+s=,0rgLt0rlO4Wimygjq5d2Eh6wCRA=
132,24,PKUyyqvpIJYJKIHTNlGeqAsQy+s=,0rgLt0rlO4Wimygjq5d2Eh6wCRA=
128,25,PKUyyqvpIJYJKIHTNlGeqAsQy+s=,0rgLt0rlO4Wimygjq5d2Eh6wCRA=
130,24,PKUyyqvpIJYJKIHTNlGeqAsQy+s=,0rgLt0rlO4Wimygjq5d2Eh6wCRA=
131,24,PKUyyqvpIJYJKIHTNlGeqAsQy+s=,0rgLt0rlO4Wimygjq5d2Eh6wCRA=
134,31,PKUyyqvpIJYJKIHTNlGeqAsQy+s=,0rgLt0rlO4Wimygjq5d2Eh6wCRA=
129,24,PKUyyqvpIJYJKIHTNlGeqAsQy+s=,0rgLt0rlO4Wimygjq5d2Eh6wCRA=
128,24,PKUyyqvpIJYJKIHTNlGeqAsQy+s=,0rgLt0rlO4Wimygjq5d2Eh6wCRA=
133,31,PKUyyqvpIJYJKIHTNlGeqAsQy+s=,0rgLt0rlO4Wimygjq5d2Eh6wCRA=
130,31,PKUyyqvpIJYJKIHTNlGeqAsQy+s=,0rgLt0rlO4Wimygjq5d2Eh6wCRA=
139,24,PKUyyqvpIJYJKIHTNlGeqAsQy+s=,2xAMhd5c5QQfwMoxDG6hM4laXKw=
135,30,PKUyyqvpIJYJKIHTNlGeqAsQy+s=,0rgLt0rlO4Wimygjq5d2Eh6wCRA=
143,28,PKUyyqvpIJYJKIHTNlGeqAsQy+s=,2xAMhd5c5QQfwMoxDG6hM4laXKw=
137,27,PKUyyqvpIJYJKIHTNlGeqAsQy+s=,2xAMhd5c5QQfwMoxDG6hM4laXKw=
138,31,PKUyyqvpIJYJKIHTNlGeqAsQy+s=,2xAMhd5c5QQfwMoxDG6hM4laXKw=
138,24,PKUyyqvpIJYJKIHTNlGeqAsQy+s=,2xAMhd5c5QQfwMoxDG6hM4laXKw=
135,29,PKUyyqvpIJYJKIHTNlGeqAsQy+s=,0rgLt0rlO4Wimygjq5d2Eh6wCRA=
142,28,PKUyyqvpIJYJKIHTNlGeqAsQy+s=,2xAMhd5c5QQfwMoxDG6hM4laXKw=
136,27,PKUyyqvpIJYJKIHTNlGeqAsQy+s=,2xAMhd5c5QQfwMoxDG6hM4laXKw=
143,26,PKUyyqvpIJYJKIHTNlGeqAsQy+s=,2xAMhd5c5QQfwMoxDG6hM4laXKw=
143,27,PKUyyqvpIJYJKIHTNlGeqAsQy+s=,2xAMhd5c5QQfwMoxDG6hM4laXKw=
136,24,PKUyyqvpIJYJKIHTNlGeqAsQy+s=,2xAMhd5c5QQfwMoxDG6hM4laXKw=
138,25,PKUyyqvpIJYJKIHTNlGeqAsQy+s=,2xAMhd5c5QQfwMoxDG6hM4laXKw=
137,25,PKUyyqvpIJYJKIHTNlGeqAsQy+s=,2xAMhd5c5QQfwMoxDG6hM4laXKw=
139,25,PKUyyqvpIJYJKIHTNlGeqAsQy+s=,2xAMhd5c5QQfwMoxDG6hM4laXKw=
136,26,PKUyyqvpIJYJKIHTNlGeqAsQy+s=,2xAMhd5c5QQfwMoxDG6hM4laXKw=
135,28,PKUyyqvpIJYJKIHTNlGeqAsQy+s=,0rgLt0rlO4Wimygjq5d2Eh6wCRA=
136,25,PKUyyqvpIJYJKIHTNlGeqAsQy+s=,2xAMhd5c5QQfwMoxDG6hM4laXKw=
142,27,PKUyyqvpIJYJKIHTNlGeqAsQy+s=,2xAMhd5c5QQfwMoxDG6hM4laXKw=
135,27,PKUyyqvpIJYJKIHTNlGeqAsQy+s=,0rgLt0rlO4Wimygjq5d2Eh6wCRA=
143,24,PKUyyqvpIJYJKIHTNlGeqAsQy+s=,2xAMhd5c5QQfwMoxDG6hM4laXKw=
142,24,PKUyyqvpIJYJKIHTNlGeqAsQy+s=,2xAMhd5c5QQfwMoxDG6hM4laXKw=
142,26,PKUyyqvpIJYJKIHTNlGeqAsQy+s=,2xAMhd5c5QQfwMoxDG6hM4laXKw=
141,24,PKUyyqvpIJYJKIHTNlGeqAsQy+s=,2xAMhd5c5QQfwMoxDG6hM4laXKw=
137,24,PKUyyqvpIJYJKIHTNlGeqAsQy+s=,2xAMhd5c5QQfwMoxDG6hM4laXKw=
140,24,PKUyyqvpIJYJKIHTNlGeqAsQy+s=,2xAMhd5c5QQfwMoxDG6hM4laXKw=
142,25,PKUyyqvpIJYJKIHTNlGeqAsQy+s=,2xAMhd5c5QQfwMoxDG6hM4laXKw=
143,25,PKUyyqvpIJYJKIHTNlGeqAsQy+s=,2xAMhd5c5QQfwMoxDG6hM4laXKw=
135,26,PKUyyqvpIJYJKIHTNlGeqAsQy+s=,0rgLt0rlO4Wimygjq5d2Eh6wCRA=
137,26,PKUyyqvpIJYJKIHTNlGeqAsQy+s=,2xAMhd5c5QQfwMoxDG6hM4laXKw=
136,28,PKUyyqvpIJYJKIHTNlGeqAsQy+s=,2xAMhd5c5QQfwMoxDG6hM4laXKw=
143,30,PKUyyqvpIJYJKIHTNlGeqAsQy+s=,2xAMhd5c5QQfwMoxDG6hM4laXKw=
141,27,PKUyyqvpIJYJKIHTNlGeqAsQy+s=,2xAMhd5c5QQfwMoxDG6hM4laXKw=
135,25,PKUyyqvpIJYJKIHTNlGeqAsQy+s=,0rgLt0rlO4Wimygjq5d2Eh6wCRA=
141,25,PKUyyqvpIJYJKIHTNlGeqAsQy+s=,2xAMhd5c5QQfwMoxDG6hM4laXKw=
141,26,PKUyyqvpIJYJKIHTNlGeqAsQy+s=,2xAMhd5c5QQfwMoxDG6hM4laXKw=
140,25,PKUyyqvpIJYJKIHTNlGeqAsQy+s=,2xAMhd5c5QQfwMoxDG6hM4laXKw=
141,30,PKUyyqvpIJYJKIHTNlGeqAsQy+s=,2xAMhd5c5QQfwMoxDG6hM4laXKw=
139,31,PKUyyqvpIJYJKIHTNlGeqAsQy+s=,2xAMhd5c5QQfwMoxDG6hM4laXKw=
143,29,PKUyyqvpIJYJKIHTNlGeqAsQy+s=,2xAMhd5c5QQfwMoxDG6hM4laXKw=
138,30,PKUyyqvpIJYJKIHTNlGeqAsQy+s=,2xAMhd5c5QQfwMoxDG6hM4laXKw=
136,29,PKUyyqvpIJYJKIHTNlGeqAsQy+s=,2xAMhd5c5QQfwMoxDG6hM4laXKw=
142,30,PKUyyqvpIJYJKIHTNlGeqAsQy+s=,2xAMhd5c5QQfwMoxDG6hM4laXKw=
139,30,PKUyyqvpIJYJKIHTNlGeqAsQy+s=,2xAMhd5c5QQfwMoxDG6hM4laXKw=
135,24,PKUyyqvpIJYJKIHTNlGeqAsQy+s=,0rgLt0rlO4Wimygjq5d2Eh6wCRA=
137,29,PKUyyqvpIJYJKIHTNlGeqAsQy+s=,2xAMhd5c5QQfwMoxDG6hM4laXKw=
137,31,PKUyyqvpIJYJKIHTNlGeqAsQy+s=,2xAMhd5c5QQfwMoxDG6hM4laXKw=
142,29,PKUyyqvpIJYJKIHTNlGeqAsQy+s=,2xAMhd5c5QQfwMoxDG6hM4laXKw=
136,30,PKUyyqvpIJYJKIHTNlGeqAsQy+s=,2xAMhd5c5QQfwMoxDG6hM4laXKw=
138,26,PKUyyqvpIJYJKIHTNlGeqAsQy+s=,2xAMhd5c5QQfwMoxDG6hM4laXKw=
141,29,PKUyyqvpIJYJKIHTNlGeqAsQy+s=,2xAMhd5c5QQfwMoxDG6hM4laXKw=
140,29,PKUyyqvpIJYJKIHTNlGeqAsQy+s=,2xAMhd5c5QQfwMoxDG6hM4laXKw=
143,31,PKUyyqvpIJYJKIHTNlGeqAsQy+s=,2xAMhd5c5QQfwMoxDG6hM4laXKw=
142,31,PKUyyqvpIJYJKIHTNlGeqAsQy+s=,2xAMhd5c5QQfwMoxDG6hM4laXKw=
140,26,PKUyyqvpIJYJKIHTNlGeqAsQy+s=,2xAMhd5c5QQfwMoxDG6hM4laXKw=
140,30,PKUyyqvpIJYJKIHTNlGeqAsQy+s=,2xAMhd5c5QQfwMoxDG6hM4laXKw=
135,31,PKUyyqvpIJYJKIHTNlGeqAsQy+s=,0rgLt0rlO4Wimygjq5d2Eh6wCRA=
138,29,PKUyyqvpIJYJKIHTNlGeqAsQy+s=,2xAMhd5c5QQfwMoxDG6hM4laXKw=
137,30,PKUyyqvpIJYJKIHTNlGeqAsQy+s=,2xAMhd5c5QQfwMoxDG6hM4laXKw=
137,28,PKUyyqvpIJYJKIHTNlGeqAsQy+s=,2xAMhd5c5QQfwMoxDG6hM4laXKw=
139,29,PKUyyqvpIJYJKIHTNlGeqAsQy+s=,2xAMhd5c5QQfwMoxDG6hM4laXKw=
141,28,PKUyyqvpIJYJKIHTNlGeqAsQy+s=,2xAMhd5c5QQfwMoxDG6hM4laXKw=
139,26,PKUyyqvpIJYJKIHTNlGeqAsQy+s=,2xAMhd5c5QQfwMoxDG6hM4laXKw=
136,31,PKUyyqvpIJYJKIHTNlGeqAsQy+s=,2xAMhd5c5QQfwMoxDG6hM4laXKw=
140,31,PKUyyqvpIJYJKIHTNlGeqAsQy+s=,2xAMhd5c5QQfwMoxDG6hM4laXKw=
138,27,PKUyyqvpIJYJKIHTNlGeqAsQy+s=,2xAMhd5c5QQfwMoxDG6hM4laXKw=
140,27,PKUyyqvpIJYJKIHTNlGeqAsQy+s=,2xAMhd5c5QQfwMoxDG6hM4laXKw=
139,27,PKUyyqvpIJYJKIHTNlGeqAsQy+s=,2xAMhd5c5QQfwMoxDG6hM4laXKw=
138,28,PKUyyqvpIJYJKIHTNlGeqAsQy+s=,2xAMhd5c5QQfwMoxDG6hM4laXKw=
140,28,PKUyyqvpIJYJKIHTNlGeqAsQy+s=,2xAMhd5c5QQfwMoxDG6hM4laXKw=
141,31,PKUyyqvpIJYJKIHTNlGeqAsQy+s=,2xAMhd5c5QQfwMoxDG6hM4laXKw=
139,28,PKUyyqvpIJYJKIHTNlGeqAsQy+s=,2xAMhd5c5QQfwMoxDG6hM4laXKw=
