-20,13,7YuYEDS2v3iavGtFI2qW+2Mz7M4=,bv5XHGEojxkQ9j946Bt488Flfvs=
-21,13,7YuYEDS2v3iavGtFI2qW+2Mz7M4=,bv5XHGEojxkQ9j946Bt488Flfvs=
-22,13,7YuYEDS2v3iavGtFI2qW+2Mz7M4=,bv5XHGEojxkQ9j946Bt488Flfvs=
-23,13,7YuYEDS2v3iavGtFI2qW+2Mz7M4=,bv5XHGEojxkQ9j946Bt488Flfvs=
-19,12,7YuYEDS2v3iavGtFI2qW+2Mz7M4=,bv5XHGEojxkQ9j946Bt488Flfvs=
-18,12,7YuYEDS2v3iavGtFI2qW+2Mz7M4=,bv5XHGEojxkQ9j946Bt488Flfvs=
-20,12,7YuYEDS2v3iavGtFI2qW+2Mz7M4=,bv5XHGEojxkQ9j946Bt488Flfvs=
-21,12,7YuYEDS2v3iavGtFI2qW+2Mz7M4=,bv5XHGEojxkQ9j946Bt488Flfvs=
-23,12,7YuYEDS2v3iavGtFI2qW+2Mz7M4=,bv5XHGEojxkQ9j946Bt488Flfvs=
-22,12,7YuYEDS2v3iavGtFI2qW+2Mz7M4=,bv5XHGEojxkQ9j946Bt488Flfvs=
-18,11,7YuYEDS2v3iavGtFI2qW+2Mz7M4=,bv5XHGEojxkQ9j946Bt488Flfvs=
-21,11,7YuYEDS2v3iavGtFI2qW+2Mz7M4=,bv5XHGEojxkQ9j946Bt488Flfvs=
-20,11,7YuYEDS2v3iavGtFI2qW+2Mz7M4=,bv5XHGEojxkQ9j946Bt488Flfvs=
-19,11,7YuYEDS2v3iavGtFI2qW+2Mz7M4=,bv5XHGEojxkQ9j946Bt488Flfvs=
-22,11,7YuYEDS2v3iavGtFI2qW+2Mz7M4=,bv5XHGEojxkQ9j946Bt488Flfvs=
-23,11,7YuYEDS2v3iavGtFI2qW+2Mz7M4=,bv5XHGEojxkQ9j946Bt488Flfvs=
-18,10,7YuYEDS2v3iavGtFI2qW+2Mz7M4=,bv5XHGEojxkQ9j946Bt488Flfvs=
-19,10,7YuYEDS2v3iavGtFI2qW+2Mz7M4=,bv5XHGEojxkQ9j946Bt488Flfvs=
-20,10,7YuYEDS2v3iavGtFI2qW+2Mz7M4=,bv5XHGEojxkQ9j946Bt488Flfvs=
-21,10,7YuYEDS2v3iavGtFI2qW+2Mz7M4=,bv5XHGEojxkQ9j946Bt488Flfvs=
-22,10,7YuYEDS2v3iavGtFI2qW+2Mz7M4=,bv5XHGEojxkQ9j946Bt488Flfvs=
-18,9,7YuYEDS2v3iavGtFI2qW+2Mz7M4=,bv5XHGEojxkQ9j946Bt488Flfvs=
-23,10,7YuYEDS2v3iavGtFI2qW+2Mz7M4=,bv5XHGEojxkQ9j946Bt488Flfvs=
-20,9,7YuYEDS2v3iavGtFI2qW+2Mz7M4=,bv5XHGEojxkQ9j946Bt488Flfvs=
-21,9,7YuYEDS2v3iavGtFI2qW+2Mz7M4=,bv5XHGEojxkQ9j946Bt488Flfvs=
-19,9,7YuYEDS2v3iavGtFI2qW+2Mz7M4=,bv5XHGEojxkQ9j946Bt488Flfvs=
-22,9,7YuYEDS2v3iavGtFI2qW+2Mz7M4=,bv5XHGEojxkQ9j946Bt488Flfvs=
-23,9,7YuYEDS2v3iavGtFI2qW+2Mz7M4=,bv5XHGEojxkQ9j946Bt488Flfvs=
-18,14,7YuYEDS2v3iavGtFI2qW+2Mz7M4=,bv5XHGEojxkQ9j946Bt488Flfvs=
-19,14,7YuYEDS2v3iavGtFI2qW+2Mz7M4=,bv5XHGEojxkQ9j946Bt488Flfvs=
-20,14,7YuYEDS2v3iavGtFI2qW+2Mz7M4=,bv5XHGEojxkQ9j946Bt488Flfvs=
-21,14,7YuYEDS2v3iavGtFI2qW+2Mz7M4=,bv5XHGEojxkQ9j946Bt488Flfvs=
-22,14,7YuYEDS2v3iavGtFI2qW+2Mz7M4=,bv5XHGEojxkQ9j946Bt488Flfvs=
-23,14,7YuYEDS2v3iavGtFI2qW+2Mz7M4=,bv5XHGEojxkQ9j946Bt488Flfvs=
-18,13,7YuYEDS2v3iavGtFI2qW+2Mz7M4=,bv5XHGEojxkQ9j946Bt488Flfvs=
-19,13,7YuYEDS2v3iavGtFI2qW+2Mz7M4=,bv5XHGEojxkQ9j946Bt488Flfvs=
-28,11,7YuYEDS2v3iavGtFI2qW+2Mz7M4=,u9T3yt3/2SV/mV8+k1wj/djKJwE=
-24,13,7YuYEDS2v3iavGtFI2qW+2Mz7M4=,bv5XHGEojxkQ9j946Bt488Flfvs=
-27,11,7YuYEDS2v3iavGtFI2qW+2Mz7M4=,u9T3yt3/2SV/mV8+k1wj/djKJwE=
-26,11,7YuYEDS2v3iavGtFI2qW+2Mz7M4=,u9T3yt3/2SV/mV8+k1wj/djKJwE=
-25,11,7YuYEDS2v3iavGtFI2qW+2Mz7M4=,u9T3yt3/2SV/mV8+k1wj/djKJwE=
-24,14,7YuYEDS2v3iavGtFI2qW+2Mz7M4=,bv5XHGEojxkQ9j946Bt488Flfvs=
-31,12,7YuYEDS2v3iavGtFI2qW+2Mz7M4=,u9T3yt3/2SV/mV8+k1wj/djKJwE=
-30,12,7YuYEDS2v3iavGtFI2qW+2Mz7M4=,u9T3yt3/2SV/mV8+k1wj/djKJwE=
-29,11,7YuYEDS2v3iavGtFI2qW+2Mz7M4=,u9T3yt3/2SV/mV8+k1wj/djKJwE=
-29,12,7YuYEDS2v3iavGtFI2qW+2Mz7M4=,u9T3yt3/2SV/mV8+k1wj/djKJwE=
-28,12,7YuYEDS2v3iavGtFI2qW+2Mz7M4=,u9T3yt3/2SV/mV8+k1wj/djKJwE=
-26,12,7YuYEDS2v3iavGtFI2qW+2Mz7M4=,u9T3yt3/2SV/mV8+k1wj/djKJwE=
-31,13,7YuYEDS2v3iavGtFI2qW+2Mz7M4=,u9T3yt3/2SV/mV8+k1wj/djKJwE=
-30,13,7YuYEDS2v3iavGtFI2qW+2Mz7M4=,u9T3yt3/2SV/mV8+k1wj/djKJwE=
-24,9,7YuYEDS2v3iavGtFI2qW+2Mz7M4=,bv5XHGEojxkQ9j946Bt488Flfvs=
-29,13,7YuYEDS2v3iavGtFI2qW+2Mz7M4=,u9T3yt3/2SV/mV8+k1wj/djKJwE=
-28,13,7YuYEDS2v3iavGtFI2qW+2Mz7M4=,u9T3yt3/2SV/mV8+k1wj/djKJwE=
-27,12,7YuYEDS2v3iavGtFI2qW+2Mz7M4=,u9T3yt3/2SV/mV8+k1wj/djKJwE=
-25,12,7YuYEDS2v3iavGtFI2qW+2Mz7M4=,u9T3yt3/2SV/mV8+k1wj/djKJwE=
-26,13,7YuYEDS2v3iavGtFI2qW+2Mz7M4=,u9T3yt3/2SV/mV8+k1wj/djKJwE=
-27,13,7YuYEDS2v3iavGtFI2qW+2Mz7M4=,u9T3yt3/2SV/mV8+k1wj/djKJwE=
-31,14,7YuYEDS2v3iavGtFI2qW+2Mz7M4=,u9T3yt3/2SV/mV8+k1wj/djKJwE=
-24,10,7YuYEDS2v3iavGtFI2qW+2Mz7M4=,bv5XHGEojxkQ9j946Bt488Flfvs=
-25,13,7YuYEDS2v3iavGtFI2qW+2Mz7M4=,u9T3yt3/2SV/mV8+k1wj/djKJwE=
-30,14,7YuYEDS2v3iavGtFI2qW+2Mz7M4=,u9T3yt3/2SV/mV8+k1wj/djKJwE=
-29,14,7YuYEDS2v3iavGtFI2qW+2Mz7M4=,u9T3yt3/2SV/mV8+k1wj/djKJwE=
-28,14,7YuYEDS2v3iavGtFI2qW+2Mz7M4=,u9T3yt3/2SV/mV8+k1wj/djKJwE=
-27,14,7YuYEDS2v3iavGtFI2qW+2Mz7M4=,u9T3yt3/2SV/mV8+k1wj/djKJwE=
-26,14,7YuYEDS2v3iavGtFI2qW+2Mz7M4=,u9T3yt3/2SV/mV8+k1wj/djKJwE=
-30,11,7YuYEDS2v3iavGtFI2qW+2Mz7M4=,u9T3yt3/2SV/mV8+k1wj/djKJwE=
-31,11,7YuYEDS2v3iavGtFI2qW+2Mz7M4=,u9T3yt3/2SV/mV8+k1wj/djKJwE=
-24,12,7YuYEDS2v3iavGtFI2qW+2Mz7M4=,bv5XHGEojxkQ9j946Bt488Flfvs=
-27,10,7YuYEDS2v3iavGtFI2qW+2Mz7M4=,u9T3yt3/2SV/mV8+k1wj/djKJwE=
-28,10,7YuYEDS2v3iavGtFI2qW+2Mz7M4=,u9T3yt3/2SV/mV8+k1wj/djKJwE=
-25,14,7YuYEDS2v3iavGtFI2qW+2Mz7M4=,u9T3yt3/2SV/mV8+k1wj/djKJwE=
-26,10,7YuYEDS2v3iavGtFI2qW+2Mz7M4=,u9T3yt3/2SV/mV8+k1wj/djKJwE=
-25,10,7YuYEDS2v3iavGtFI2qW+2Mz7M4=,u9T3yt3/2SV/mV8+k1wj/djKJwE=
-24,11,7YuYEDS2v3iavGtFI2qW+2Mz7M4=,bv5XHGEojxkQ9j946Bt488Flfvs=
-29,10,7YuYEDS2v3iavGtFI2qW+2Mz7M4=,u9T3yt3/2SV/mV8+k1wj/djKJwE=
-26,9,7YuYEDS2v3iavGtFI2qW+2Mz7M4=,u9T3yt3/2SV/mV8+k1wj/djKJwE=
-27,9,7YuYEDS2v3iavGtFI2qW+2Mz7M4=,u9T3yt3/2SV/mV8+k1wj/djKJwE=
-31,9,7YuYEDS2v3iavGtFI2qW+2Mz7M4=,u9T3yt3/2SV/mV8+k1wj/djKJwE=
-25,9,7YuYEDS2v3iavGtFI2qW+2Mz7M4=,u9T3yt3/2SV/mV8+k1wj/djKJwE=
-30,10,7YuYEDS2v3iavGtFI2qW+2Mz7M4=,u9T3yt3/2SV/mV8+k1wj/djKJwE=
-31,10,7YuYEDS2v3iavGtFI2qW+2Mz7M4=,u9T3yt3/2SV/mV8+k1wj/djKJwE=
-30,9,7YuYEDS2v3iavGtFI2qW+2Mz7M4=,u9T3yt3/2SV/mV8+k1wj/djKJwE=
-29,9,7YuYEDS2v3iavGtFI2qW+2Mz7M4=,u9T3yt3/2SV/mV8+k1wj/djKJwE=
-28,9,7YuYEDS2v3iavGtFI2qW+2Mz7M4=,u9T3yt3/2SV/mV8+k1wj/djKJwE=
-30,1,7YuYEDS2v3iavGtFI2qW+2Mz7M4=,FhWxTR71CEItc6J84fqiZePwDrM=
-29,5,7YuYEDS2v3iavGtFI2qW+2Mz7M4=,FhWxTR71CEItc6J84fqiZePwDrM=
-31,1,7YuYEDS2v3iavGtFI2qW+2Mz7M4=,FhWxTR71CEItc6J84fqiZePwDrM=
-30,5,7YuYEDS2v3iavGtFI2qW+2Mz7M4=,FhWxTR71CEItc6J84fqiZePwDrM=
-30,4,7YuYEDS2v3iavGtFI2qW+2Mz7M4=,FhWxTR71CEItc6J84fqiZePwDrM=
-29,4,7YuYEDS2v3iavGtFI2qW+2Mz7M4=,FhWxTR71CEItc6J84fqiZePwDrM=
-29,3,7YuYEDS2v3iavGtFI2qW+2Mz7M4=,FhWxTR71CEItc6J84fqiZePwDrM=
-31,8,7YuYEDS2v3iavGtFI2qW+2Mz7M4=,u9T3yt3/2SV/mV8+k1wj/djKJwE=
-31,4,7YuYEDS2v3iavGtFI2qW+2Mz7M4=,FhWxTR71CEItc6J84fqiZePwDrM=
-30,3,7YuYEDS2v3iavGtFI2qW+2Mz7M4=,FhWxTR71CEItc6J84fqiZePwDrM=
-30,8,7YuYEDS2v3iavGtFI2qW+2Mz7M4=,u9T3yt3/2SV/mV8+k1wj/djKJwE=
-29,7,7YuYEDS2v3iavGtFI2qW+2Mz7M4=,FhWxTR71CEItc6J84fqiZePwDrM=
-26,1,7YuYEDS2v3iavGtFI2qW+2Mz7M4=,FhWxTR71CEItc6J84fqiZePwDrM=
-31,7,7YuYEDS2v3iavGtFI2qW+2Mz7M4=,FhWxTR71CEItc6J84fqiZePwDrM=
-30,7,7YuYEDS2v3iavGtFI2qW+2Mz7M4=,FhWxTR71CEItc6J84fqiZePwDrM=
-29,8,7YuYEDS2v3iavGtFI2qW+2Mz7M4=,u9T3yt3/2SV/mV8+k1wj/djKJwE=
-31,3,7YuYEDS2v3iavGtFI2qW+2Mz7M4=,FhWxTR71CEItc6J84fqiZePwDrM=
-31,5,7YuYEDS2v3iavGtFI2qW+2Mz7M4=,FhWxTR71CEItc6J84fqiZePwDrM=
-27,7,7YuYEDS2v3iavGtFI2qW+2Mz7M4=,FhWxTR71CEItc6J84fqiZePwDrM=
-28,4,7YuYEDS2v3iavGtFI2qW+2Mz7M4=,FhWxTR71CEItc6J84fqiZePwDrM=
-27,6,7YuYEDS2v3iavGtFI2qW+2Mz7M4=,FhWxTR71CEItc6J84fqiZePwDrM=
-28,7,7YuYEDS2v3iavGtFI2qW+2Mz7M4=,FhWxTR71CEItc6J84fqiZePwDrM=
-29,1,7YuYEDS2v3iavGtFI2qW+2Mz7M4=,FhWxTR71CEItc6J84fqiZePwDrM=
-28,6,7YuYEDS2v3iavGtFI2qW+2Mz7M4=,FhWxTR71CEItc6J84fqiZePwDrM=
-27,1,7YuYEDS2v3iavGtFI2qW+2Mz7M4=,FhWxTR71CEItc6J84fqiZePwDrM=
-29,6,7YuYEDS2v3iavGtFI2qW+2Mz7M4=,FhWxTR71CEItc6J84fqiZePwDrM=
-26,2,7YuYEDS2v3iavGtFI2qW+2Mz7M4=,FhWxTR71CEItc6J84fqiZePwDrM=
-27,4,7YuYEDS2v3iavGtFI2qW+2Mz7M4=,FhWxTR71CEItc6J84fqiZePwDrM=
-30,6,7YuYEDS2v3iavGtFI2qW+2Mz7M4=,FhWxTR71CEItc6J84fqiZePwDrM=
-26,7,7YuYEDS2v3iavGtFI2qW+2Mz7M4=,FhWxTR71CEItc6J84fqiZePwDrM=
-27,8,7YuYEDS2v3iavGtFI2qW+2Mz7M4=,u9T3yt3/2SV/mV8+k1wj/djKJwE=
-28,3,7YuYEDS2v3iavGtFI2qW+2Mz7M4=,FhWxTR71CEItc6J84fqiZePwDrM=
-31,6,7YuYEDS2v3iavGtFI2qW+2Mz7M4=,FhWxTR71CEItc6J84fqiZePwDrM=
-27,3,7YuYEDS2v3iavGtFI2qW+2Mz7M4=,FhWxTR71CEItc6J84fqiZePwDrM=
-26,8,7YuYEDS2v3iavGtFI2qW+2Mz7M4=,u9T3yt3/2SV/mV8+k1wj/djKJwE=
-29,2,7YuYEDS2v3iavGtFI2qW+2Mz7M4=,FhWxTR71CEItc6J84fqiZePwDrM=
-30,2,7YuYEDS2v3iavGtFI2qW+2Mz7M4=,FhWxTR71CEItc6J84fqiZePwDrM=
-28,5,7YuYEDS2v3iavGtFI2qW+2Mz7M4=,FhWxTR71CEItc6J84fqiZePwDrM=
-31,2,7YuYEDS2v3iavGtFI2qW+2Mz7M4=,FhWxTR71CEItc6J84fqiZePwDrM=
-26,6,7YuYEDS2v3iavGtFI2qW+2Mz7M4=,FhWxTR71CEItc6J84fqiZePwDrM=
-28,8,7YuYEDS2v3iavGtFI2qW+2Mz7M4=,u9T3yt3/2SV/mV8+k1wj/djKJwE=
-27,5,7YuYEDS2v3iavGtFI2qW+2Mz7M4=,FhWxTR71CEItc6J84fqiZePwDrM=
-26,3,7YuYEDS2v3iavGtFI2qW+2Mz7M4=,FhWxTR71CEItc6J84fqiZePwDrM=
-27,2,7YuYEDS2v3iavGtFI2qW+2Mz7M4=,FhWxTR71CEItc6J84fqiZePwDrM=
-26,4,7YuYEDS2v3iavGtFI2qW+2Mz7M4=,FhWxTR71CEItc6J84fqiZePwDrM=
-28,2,7YuYEDS2v3iavGtFI2qW+2Mz7M4=,FhWxTR71CEItc6J84fqiZePwDrM=
-26,5,7YuYEDS2v3iavGtFI2qW+2Mz7M4=,FhWxTR71CEItc6J84fqiZePwDrM=
-28,1,7YuYEDS2v3iavGtFI2qW+2Mz7M4=,FhWxTR71CEItc6J84fqiZePwDrM=
-18,7,7YuYEDS2v3iavGtFI2qW+2Mz7M4=,Ty5f3OdkJLlTqXQt6Qh3U3yJE+A=
-21,7,7YuYEDS2v3iavGtFI2qW+2Mz7M4=,Ty5f3OdkJLlTqXQt6Qh3U3yJE+A=
-23,7,7YuYEDS2v3iavGtFI2qW+2Mz7M4=,Ty5f3OdkJLlTqXQt6Qh3U3yJE+A=
-19,7,7YuYEDS2v3iavGtFI2qW+2Mz7M4=,Ty5f3OdkJLlTqXQt6Qh3U3yJE+A=
-22,7,7YuYEDS2v3iavGtFI2qW+2Mz7M4=,Ty5f3OdkJLlTqXQt6Qh3U3yJE+A=
-20,7,7YuYEDS2v3iavGtFI2qW+2Mz7M4=,Ty5f3OdkJLlTqXQt6Qh3U3yJE+A=
-24,7,7YuYEDS2v3iavGtFI2qW+2Mz7M4=,Ty5f3OdkJLlTqXQt6Qh3U3yJE+A=
-20,6,7YuYEDS2v3iavGtFI2qW+2Mz7M4=,Ty5f3OdkJLlTqXQt6Qh3U3yJE+A=
-19,6,7YuYEDS2v3iavGtFI2qW+2Mz7M4=,Ty5f3OdkJLlTqXQt6Qh3U3yJE+A=
-18,6,7YuYEDS2v3iavGtFI2qW+2Mz7M4=,Ty5f3OdkJLlTqXQt6Qh3U3yJE+A=
-20,2,7YuYEDS2v3iavGtFI2qW+2Mz7M4=,Ty5f3OdkJLlTqXQt6Qh3U3yJE+A=
-21,6,7YuYEDS2v3iavGtFI2qW+2Mz7M4=,Ty5f3OdkJLlTqXQt6Qh3U3yJE+A=
-24,6,7YuYEDS2v3iavGtFI2qW+2Mz7M4=,Ty5f3OdkJLlTqXQt6Qh3U3yJE+A=
-19,2,7YuYEDS2v3iavGtFI2qW+2Mz7M4=,Ty5f3OdkJLlTqXQt6Qh3U3yJE+A=
-23,6,7YuYEDS2v3iavGtFI2qW+2Mz7M4=,Ty5f3OdkJLlTqXQt6Qh3U3yJE+A=
-25,2,7YuYEDS2v3iavGtFI2qW+2Mz7M4=,FhWxTR71CEItc6J84fqiZePwDrM=
-18,8,7YuYEDS2v3iavGtFI2qW+2Mz7M4=,bv5XHGEojxkQ9j946Bt488Flfvs=
-22,6,7YuYEDS2v3iavGtFI2qW+2Mz7M4=,Ty5f3OdkJLlTqXQt6Qh3U3yJE+A=
-19,8,7YuYEDS2v3iavGtFI2qW+2Mz7M4=,bv5XHGEojxkQ9j946Bt488Flfvs=
-18,2,7YuYEDS2v3iavGtFI2qW+2Mz7M4=,Ty5f3OdkJLlTqXQt6Qh3U3yJE+A=
-20,8,7YuYEDS2v3iavGtFI2qW+2Mz7M4=,bv5XHGEojxkQ9j946Bt488Flfvs=
-21,8,7YuYEDS2v3iavGtFI2qW+2Mz7M4=,bv5XHGEojxkQ9j946Bt488Flfvs=
-22,8,7YuYEDS2v3iavGtFI2qW+2Mz7M4=,bv5XHGEojxkQ9j946Bt488Flfvs=
-25,6,7YuYEDS2v3iavGtFI2qW+2Mz7M4=,FhWxTR71CEItc6J84fqiZePwDrM=
-25,1,7YuYEDS2v3iavGtFI2qW+2Mz7M4=,FhWxTR71CEItc6J84fqiZePwDrM=
-18,1,7YuYEDS2v3iavGtFI2qW+2Mz7M4=,Ty5f3OdkJLlTqXQt6Qh3U3yJE+A=
-21,2,7YuYEDS2v3iavGtFI2qW+2Mz7M4=,Ty5f3OdkJLlTqXQt6Qh3U3yJE+A=
-25,3,7YuYEDS2v3iavGtFI2qW+2Mz7M4=,FhWxTR71CEItc6J84fqiZePwDrM=
-23,8,7YuYEDS2v3iavGtFI2qW+2Mz7M4=,bv5XHGEojxkQ9j946Bt488Flfvs=
-21,1,7YuYEDS2v3iavGtFI2qW+2Mz7M4=,Ty5f3OdkJLlTqXQt6Qh3U3yJE+A=
-25,7,7YuYEDS2v3iavGtFI2qW+2Mz7M4=,FhWxTR71CEItc6J84fqiZePwDrM=
-19,1,7YuYEDS2v3iavGtFI2qW+2Mz7M4=,Ty5f3OdkJLlTqXQt6Qh3U3yJE+A=
-21,3,7YuYEDS2v3iavGtFI2qW+2Mz7M4=,Ty5f3OdkJLlTqXQt6Qh3U3yJE+A=
-23,2,7YuYEDS2v3iavGtFI2qW+2Mz7M4=,Ty5f3OdkJLlTqXQt6Qh3U3yJE+A=
-22,2,7YuYEDS2v3iavGtFI2qW+2Mz7M4=,Ty5f3OdkJLlTqXQt6Qh3U3yJE+A=
-24,3,7YuYEDS2v3iavGtFI2qW+2Mz7M4=,Ty5f3OdkJLlTqXQt6Qh3U3yJE+A=
-24,2,7YuYEDS2v3iavGtFI2qW+2Mz7M4=,Ty5f3OdkJLlTqXQt6Qh3U3yJE+A=
-23,3,7YuYEDS2v3iavGtFI2qW+2Mz7M4=,Ty5f3OdkJLlTqXQt6Qh3U3yJE+A=
-18,5,7YuYEDS2v3iavGtFI2qW+2Mz7M4=,Ty5f3OdkJLlTqXQt6Qh3U3yJE+A=
-20,5,7YuYEDS2v3iavGtFI2qW+2Mz7M4=,Ty5f3OdkJLlTqXQt6Qh3U3yJE+A=
-19,5,7YuYEDS2v3iavGtFI2qW+2Mz7M4=,Ty5f3OdkJLlTqXQt6Qh3U3yJE+A=
-23,1,7YuYEDS2v3iavGtFI2qW+2Mz7M4=,Ty5f3OdkJLlTqXQt6Qh3U3yJE+A=
-22,1,7YuYEDS2v3iavGtFI2qW+2Mz7M4=,Ty5f3OdkJLlTqXQt6Qh3U3yJE+A=
-25,8,7YuYEDS2v3iavGtFI2qW+2Mz7M4=,u9T3yt3/2SV/mV8+k1wj/djKJwE=
-20,1,7YuYEDS2v3iavGtFI2qW+2Mz7M4=,Ty5f3OdkJLlTqXQt6Qh3U3yJE+A=
-24,8,7YuYEDS2v3iavGtFI2qW+2Mz7M4=,bv5XHGEojxkQ9j946Bt488Flfvs=
-24,1,7YuYEDS2v3iavGtFI2qW+2Mz7M4=,Ty5f3OdkJLlTqXQt6Qh3U3yJE+A=
-25,4,7YuYEDS2v3iavGtFI2qW+2Mz7M4=,FhWxTR71CEItc6J84fqiZePwDrM=
-22,3,7YuYEDS2v3iavGtFI2qW+2Mz7M4=,Ty5f3OdkJLlTqXQt6Qh3U3yJE+A=
-19,3,7YuYEDS2v3iavGtFI2qW+2Mz7M4=,Ty5f3OdkJLlTqXQt6Qh3U3yJE+A=
-24,5,7YuYEDS2v3iavGtFI2qW+2Mz7M4=,Ty5f3OdkJLlTqXQt6Qh3U3yJE+A=
-18,4,7YuYEDS2v3iavGtFI2qW+2Mz7M4=,Ty5f3OdkJLlTqXQt6Qh3U3yJE+A=
-20,3,7YuYEDS2v3iavGtFI2qW+2Mz7M4=,Ty5f3OdkJLlTqXQt6Qh3U3yJE+A=
-25,5,7YuYEDS2v3iavGtFI2qW+2Mz7M4=,FhWxTR71CEItc6J84fqiZePwDrM=
-21,5,7YuYEDS2v3iavGtFI2qW+2Mz7M4=,Ty5f3OdkJLlTqXQt6Qh3U3yJE+A=
-22,5,7YuYEDS2v3iavGtFI2qW+2Mz7M4=,Ty5f3OdkJLlTqXQt6Qh3U3yJE+A=
-23,5,7YuYEDS2v3iavGtFI2qW+2Mz7M4=,Ty5f3OdkJLlTqXQt6Qh3U3yJE+A=
-19,4,7YuYEDS2v3iavGtFI2qW+2Mz7M4=,Ty5f3OdkJLlTqXQt6Qh3U3yJE+A=
-21,4,7YuYEDS2v3iavGtFI2qW+2Mz7M4=,Ty5f3OdkJLlTqXQt6Qh3U3yJE+A=
-18,3,7YuYEDS2v3iavGtFI2qW+2Mz7M4=,Ty5f3OdkJLlTqXQt6Qh3U3yJE+A=
-20,4,7YuYEDS2v3iavGtFI2qW+2Mz7M4=,Ty5f3OdkJLlTqXQt6Qh3U3yJE+A=
-22,4,7YuYEDS2v3iavGtFI2qW+2Mz7M4=,Ty5f3OdkJLlTqXQt6Qh3U3yJE+A=
-23,4,7YuYEDS2v3iavGtFI2qW+2Mz7M4=,Ty5f3OdkJLlTqXQt6Qh3U3yJE+A=
-24,4,7YuYEDS2v3iavGtFI2qW+2Mz7M4=,Ty5f3OdkJLlTqXQt6Qh3U3yJE+A=
-17,9,7YuYEDS2v3iavGtFI2qW+2Mz7M4=,bv5XHGEojxkQ9j946Bt488Flfvs=
-17,12,7YuYEDS2v3iavGtFI2qW+2Mz7M4=,bv5XHGEojxkQ9j946Bt488Flfvs=
-17,11,7YuYEDS2v3iavGtFI2qW+2Mz7M4=,bv5XHGEojxkQ9j946Bt488Flfvs=
-17,14,7YuYEDS2v3iavGtFI2qW+2Mz7M4=,bv5XHGEojxkQ9j946Bt488Flfvs=
-17,10,7YuYEDS2v3iavGtFI2qW+2Mz7M4=,bv5XHGEojxkQ9j946Bt488Flfvs=
-17,8,7YuYEDS2v3iavGtFI2qW+2Mz7M4=,bv5XHGEojxkQ9j946Bt488Flfvs=
-31,0,7YuYEDS2v3iavGtFI2qW+2Mz7M4=,FhWxTR71CEItc6J84fqiZePwDrM=
-17,13,7YuYEDS2v3iavGtFI2qW+2Mz7M4=,bv5XHGEojxkQ9j946Bt488Flfvs=
-17,7,7YuYEDS2v3iavGtFI2qW+2Mz7M4=,Ty5f3OdkJLlTqXQt6Qh3U3yJE+A=
-17,1,7YuYEDS2v3iavGtFI2qW+2Mz7M4=,Ty5f3OdkJLlTqXQt6Qh3U3yJE+A=
-30,0,7YuYEDS2v3iavGtFI2qW+2Mz7M4=,FhWxTR71CEItc6J84fqiZePwDrM=
-18,0,7YuYEDS2v3iavGtFI2qW+2Mz7M4=,Ty5f3OdkJLlTqXQt6Qh3U3yJE+A=
-17,5,7YuYEDS2v3iavGtFI2qW+2Mz7M4=,Ty5f3OdkJLlTqXQt6Qh3U3yJE+A=
-17,6,7YuYEDS2v3iavGtFI2qW+2Mz7M4=,Ty5f3OdkJLlTqXQt6Qh3U3yJE+A=
-27,0,7YuYEDS2v3iavGtFI2qW+2Mz7M4=,FhWxTR71CEItc6J84fqiZePwDrM=
-23,0,7YuYEDS2v3iavGtFI2qW+2Mz7M4=,Ty5f3OdkJLlTqXQt6Qh3U3yJE+A=
-22,0,7YuYEDS2v3iavGtFI2qW+2Mz7M4=,Ty5f3OdkJLlTqXQt6Qh3U3yJE+A=
-28,0,7YuYEDS2v3iavGtFI2qW+2Mz7M4=,FhWxTR71CEItc6J84fqiZePwDrM=
-19,0,7YuYEDS2v3iavGtFI2qW+2Mz7M4=,Ty5f3OdkJLlTqXQt6Qh3U3yJE+A=
-17,2,7YuYEDS2v3iavGtFI2qW+2Mz7M4=,Ty5f3OdkJLlTqXQt6Qh3U3yJE+A=
-17,3,7YuYEDS2v3iavGtFI2qW+2Mz7M4=,Ty5f3OdkJLlTqXQt6Qh3U3yJE+A=
-20,0,7YuYEDS2v3iavGtFI2qW+2Mz7M4=,Ty5f3OdkJLlTqXQt6Qh3U3yJE+A=
-26,0,7YuYEDS2v3iavGtFI2qW+2Mz7M4=,FhWxTR71CEItc6J84fqiZePwDrM=
-21,0,7YuYEDS2v3iavGtFI2qW+2Mz7M4=,Ty5f3OdkJLlTqXQt6Qh3U3yJE+A=
-29,0,7YuYEDS2v3iavGtFI2qW+2Mz7M4=,FhWxTR71CEItc6J84fqiZePwDrM=
-24,0,7YuYEDS2v3iavGtFI2qW+2Mz7M4=,Ty5f3OdkJLlTqXQt6Qh3U3yJE+A=
-17,4,7YuYEDS2v3iavGtFI2qW+2Mz7M4=,Ty5f3OdkJLlTqXQt6Qh3U3yJE+A=
-25,0,7YuYEDS2v3iavGtFI2qW+2Mz7M4=,FhWxTR71CEItc6J84fqiZePwDrM=
-26,15,7YuYEDS2v3iavGtFI2qW+2Mz7M4=,u9T3yt3/2SV/mV8+k1wj/djKJwE=
-29,15,7YuYEDS2v3iavGtFI2qW+2Mz7M4=,u9T3yt3/2SV/mV8+k1wj/djKJwE=
-28,15,7YuYEDS2v3iavGtFI2qW+2Mz7M4=,u9T3yt3/2SV/mV8+k1wj/djKJwE=
-31,15,7YuYEDS2v3iavGtFI2qW+2Mz7M4=,u9T3yt3/2SV/mV8+k1wj/djKJwE=
-30,15,7YuYEDS2v3iavGtFI2qW+2Mz7M4=,u9T3yt3/2SV/mV8+k1wj/djKJwE=
-25,15,7YuYEDS2v3iavGtFI2qW+2Mz7M4=,u9T3yt3/2SV/mV8+k1wj/djKJwE=
-19,15,7YuYEDS2v3iavGtFI2qW+2Mz7M4=,bv5XHGEojxkQ9j946Bt488Flfvs=
-24,15,7YuYEDS2v3iavGtFI2qW+2Mz7M4=,bv5XHGEojxkQ9j946Bt488Flfvs=
-20,15,7YuYEDS2v3iavGtFI2qW+2Mz7M4=,bv5XHGEojxkQ9j946Bt488Flfvs=
-22,15,7YuYEDS2v3iavGtFI2qW+2Mz7M4=,bv5XHGEojxkQ9j946Bt488Flfvs=
-27,15,7YuYEDS2v3iavGtFI2qW+2Mz7M4=,u9T3yt3/2SV/mV8+k1wj/djKJwE=
-21,15,7YuYEDS2v3iavGtFI2qW+2Mz7M4=,bv5XHGEojxkQ9j946Bt488Flfvs=
-18,15,7YuYEDS2v3iavGtFI2qW+2Mz7M4=,bv5XHGEojxkQ9j946Bt488Flfvs=
-32,4,7YuYEDS2v3iavGtFI2qW+2Mz7M4=,FhWxTR71CEItc6J84fqiZePwDrM=
-32,2,7YuYEDS2v3iavGtFI2qW+2Mz7M4=,FhWxTR71CEItc6J84fqiZePwDrM=
-32,1,7YuYEDS2v3iavGtFI2qW+2Mz7M4=,FhWxTR71CEItc6J84fqiZePwDrM=
-23,15,7YuYEDS2v3iavGtFI2qW+2Mz7M4=,bv5XHGEojxkQ9j946Bt488Flfvs=
-32,3,7YuYEDS2v3iavGtFI2qW+2Mz7M4=,FhWxTR71CEItc6J84fqiZePwDrM=
-32,13,7YuYEDS2v3iavGtFI2qW+2Mz7M4=,u9T3yt3/2SV/mV8+k1wj/djKJwE=
-32,12,7YuYEDS2v3iavGtFI2qW+2Mz7M4=,u9T3yt3/2SV/mV8+k1wj/djKJwE=
-32,14,7YuYEDS2v3iavGtFI2qW+2Mz7M4=,u9T3yt3/2SV/mV8+k1wj/djKJwE=
-32,8,7YuYEDS2v3iavGtFI2qW+2Mz7M4=,u9T3yt3/2SV/mV8+k1wj/djKJwE=
-32,5,7YuYEDS2v3iavGtFI2qW+2Mz7M4=,FhWxTR71CEItc6J84fqiZePwDrM=
-32,6,7YuYEDS2v3iavGtFI2qW+2Mz7M4=,FhWxTR71CEItc6J84fqiZePwDrM=
-32,11,7YuYEDS2v3iavGtFI2qW+2Mz7M4=,u9T3yt3/2SV/mV8+k1wj/djKJwE=
-32,7,7YuYEDS2v3iavGtFI2qW+2Mz7M4=,FhWxTR71CEItc6J84fqiZePwDrM=
-32,10,7YuYEDS2v3iavGtFI2qW+2Mz7M4=,u9T3yt3/2SV/mV8+k1wj/djKJwE=
-32,9,7YuYEDS2v3iavGtFI2qW+2Mz7M4=,u9T3yt3/2SV/mV8+k1wj/djKJwE=
-32,15,7YuYEDS2v3iavGtFI2qW+2Mz7M4=,u9T3yt3/2SV/mV8+k1wj/djKJwE=
-17,15,7YuYEDS2v3iavGtFI2qW+2Mz7M4=,bv5XHGEojxkQ9j946Bt488Flfvs=
-32,0,7YuYEDS2v3iavGtFI2qW+2Mz7M4=,FhWxTR71CEItc6J84fqiZePwDrM=
-17,0,7YuYEDS2v3iavGtFI2qW+2Mz7M4=,Ty5f3OdkJLlTqXQt6Qh3U3yJE+A=
-2,10,2YMab4v6BRD+bfaiAh8WYrMClLo=,lAKFx+peCCgiIdSC2Bt6l2ZRiho=
-1,15,2YMab4v6BRD+bfaiAh8WYrMClLo=,lAKFx+peCCgiIdSC2Bt6l2ZRiho=
-2,15,2YMab4v6BRD+bfaiAh8WYrMClLo=,lAKFx+peCCgiIdSC2Bt6l2ZRiho=
-3,15,2YMab4v6BRD+bfaiAh8WYrMClLo=,lAKFx+peCCgiIdSC2Bt6l2ZRiho=
-3,10,2YMab4v6BRD+bfaiAh8WYrMClLo=,lAKFx+peCCgiIdSC2Bt6l2ZRiho=
-4,10,2YMab4v6BRD+bfaiAh8WYrMClLo=,lAKFx+peCCgiIdSC2Bt6l2ZRiho=
-4,15,2YMab4v6BRD+bfaiAh8WYrMClLo=,lAKFx+peCCgiIdSC2Bt6l2ZRiho=
-5,10,2YMab4v6BRD+bfaiAh8WYrMClLo=,lAKFx+peCCgiIdSC2Bt6l2ZRiho=
-6,10,2YMab4v6BRD+bfaiAh8WYrMClLo=,lAKFx+peCCgiIdSC2Bt6l2ZRiho=
-5,15,2YMab4v6BRD+bfaiAh8WYrMClLo=,lAKFx+peCCgiIdSC2Bt6l2ZRiho=
-7,10,2YMab4v6BRD+bfaiAh8WYrMClLo=,lAKFx+peCCgiIdSC2Bt6l2ZRiho=
-8,10,2YMab4v6BRD+bfaiAh8WYrMClLo=,lAKFx+peCCgiIdSC2Bt6l2ZRiho=
-8,15,2YMab4v6BRD+bfaiAh8WYrMClLo=,lAKFx+peCCgiIdSC2Bt6l2ZRiho=
-1,14,2YMab4v6BRD+bfaiAh8WYrMClLo=,lAKFx+peCCgiIdSC2Bt6l2ZRiho=
-6,15,2YMab4v6BRD+bfaiAh8WYrMClLo=,lAKFx+peCCgiIdSC2Bt6l2ZRiho=
-7,15,2YMab4v6BRD+bfaiAh8WYrMClLo=,lAKFx+peCCgiIdSC2Bt6l2ZRiho=
-2,14,2YMab4v6BRD+bfaiAh8WYrMClLo=,lAKFx+peCCgiIdSC2Bt6l2ZRiho=
-1,9,2YMab4v6BRD+bfaiAh8WYrMClLo=,lAKFx+peCCgiIdSC2Bt6l2ZRiho=
-2,9,2YMab4v6BRD+bfaiAh8WYrMClLo=,lAKFx+peCCgiIdSC2Bt6l2ZRiho=
-3,14,2YMab4v6BRD+bfaiAh8WYrMClLo=,lAKFx+peCCgiIdSC2Bt6l2ZRiho=
-5,14,2YMab4v6BRD+bfaiAh8WYrMClLo=,lAKFx+peCCgiIdSC2Bt6l2ZRiho=
-4,14,2YMab4v6BRD+bfaiAh8WYrMClLo=,lAKFx+peCCgiIdSC2Bt6l2ZRiho=
-6,14,2YMab4v6BRD+bfaiAh8WYrMClLo=,lAKFx+peCCgiIdSC2Bt6l2ZRiho=
-3,9,2YMab4v6BRD+bfaiAh8WYrMClLo=,lAKFx+peCCgiIdSC2Bt6l2ZRiho=
-8,14,2YMab4v6BRD+bfaiAh8WYrMClLo=,lAKFx+peCCgiIdSC2Bt6l2ZRiho=
-4,9,2YMab4v6BRD+bfaiAh8WYrMClLo=,lAKFx+peCCgiIdSC2Bt6l2ZRiho=
-5,9,2YMab4v6BRD+bfaiAh8WYrMClLo=,lAKFx+peCCgiIdSC2Bt6l2ZRiho=
-1,13,2YMab4v6BRD+bfaiAh8WYrMClLo=,lAKFx+peCCgiIdSC2Bt6l2ZRiho=
-7,14,2YMab4v6BRD+bfaiAh8WYrMClLo=,lAKFx+peCCgiIdSC2Bt6l2ZRiho=
-6,9,2YMab4v6BRD+bfaiAh8WYrMClLo=,lAKFx+peCCgiIdSC2Bt6l2ZRiho=
-7,9,2YMab4v6BRD+bfaiAh8WYrMClLo=,lAKFx+peCCgiIdSC2Bt6l2ZRiho=
-2,13,2YMab4v6BRD+bfaiAh8WYrMClLo=,lAKFx+peCCgiIdSC2Bt6l2ZRiho=
-5,13,2YMab4v6BRD+bfaiAh8WYrMClLo=,lAKFx+peCCgiIdSC2Bt6l2ZRiho=
-6,13,2YMab4v6BRD+bfaiAh8WYrMClLo=,lAKFx+peCCgiIdSC2Bt6l2ZRiho=
-4,13,2YMab4v6BRD+bfaiAh8WYrMClLo=,lAKFx+peCCgiIdSC2Bt6l2ZRiho=
-8,9,2YMab4v6BRD+bfaiAh8WYrMClLo=,lAKFx+peCCgiIdSC2Bt6l2ZRiho=
-7,13,2YMab4v6BRD+bfaiAh8WYrMClLo=,lAKFx+peCCgiIdSC2Bt6l2ZRiho=
-8,13,2YMab4v6BRD+bfaiAh8WYrMClLo=,lAKFx+peCCgiIdSC2Bt6l2ZRiho=
-3,13,2YMab4v6BRD+bfaiAh8WYrMClLo=,lAKFx+peCCgiIdSC2Bt6l2ZRiho=
-1,12,2YMab4v6BRD+bfaiAh8WYrMClLo=,lAKFx+peCCgiIdSC2Bt6l2ZRiho=
-2,12,2YMab4v6BRD+bfaiAh8WYrMClLo=,lAKFx+peCCgiIdSC2Bt6l2ZRiho=
-3,12,2YMab4v6BRD+bfaiAh8WYrMClLo=,lAKFx+peCCgiIdSC2Bt6l2ZRiho=
-4,12,2YMab4v6BRD+bfaiAh8WYrMClLo=,lAKFx+peCCgiIdSC2Bt6l2ZRiho=
-6,12,2YMab4v6BRD+bfaiAh8WYrMClLo=,lAKFx+peCCgiIdSC2Bt6l2ZRiho=
-7,12,2YMab4v6BRD+bfaiAh8WYrMClLo=,lAKFx+peCCgiIdSC2Bt6l2ZRiho=
-5,12,2YMab4v6BRD+bfaiAh8WYrMClLo=,lAKFx+peCCgiIdSC2Bt6l2ZRiho=
-8,12,2YMab4v6BRD+bfaiAh8WYrMClLo=,lAKFx+peCCgiIdSC2Bt6l2ZRiho=
-3,11,2YMab4v6BRD+bfaiAh8WYrMClLo=,lAKFx+peCCgiIdSC2Bt6l2ZRiho=
-4,11,2YMab4v6BRD+bfaiAh8WYrMClLo=,lAKFx+peCCgiIdSC2Bt6l2ZRiho=
-1,11,2YMab4v6BRD+bfaiAh8WYrMClLo=,lAKFx+peCCgiIdSC2Bt6l2ZRiho=
-2,11,2YMab4v6BRD+bfaiAh8WYrMClLo=,lAKFx+peCCgiIdSC2Bt6l2ZRiho=
-5,11,2YMab4v6BRD+bfaiAh8WYrMClLo=,lAKFx+peCCgiIdSC2Bt6l2ZRiho=
-6,11,2YMab4v6BRD+bfaiAh8WYrMClLo=,lAKFx+peCCgiIdSC2Bt6l2ZRiho=
-7,11,2YMab4v6BRD+bfaiAh8WYrMClLo=,lAKFx+peCCgiIdSC2Bt6l2ZRiho=
-8,11,2YMab4v6BRD+bfaiAh8WYrMClLo=,lAKFx+peCCgiIdSC2Bt6l2ZRiho=
-1,10,2YMab4v6BRD+bfaiAh8WYrMClLo=,lAKFx+peCCgiIdSC2Bt6l2ZRiho=
-1,1,2YMab4v6BRD+bfaiAh8WYrMClLo=,6YrD6EMs05TbarLhkc7z/rm5MBM=
-4,3,2YMab4v6BRD+bfaiAh8WYrMClLo=,6YrD6EMs05TbarLhkc7z/rm5MBM=
-1,4,2YMab4v6BRD+bfaiAh8WYrMClLo=,6YrD6EMs05TbarLhkc7z/rm5MBM=
-5,3,2YMab4v6BRD+bfaiAh8WYrMClLo=,6YrD6EMs05TbarLhkc7z/rm5MBM=
-3,3,2YMab4v6BRD+bfaiAh8WYrMClLo=,6YrD6EMs05TbarLhkc7z/rm5MBM=
-2,3,2YMab4v6BRD+bfaiAh8WYrMClLo=,6YrD6EMs05TbarLhkc7z/rm5MBM=
-2,4,2YMab4v6BRD+bfaiAh8WYrMClLo=,6YrD6EMs05TbarLhkc7z/rm5MBM=
-2,1,2YMab4v6BRD+bfaiAh8WYrMClLo=,6YrD6EMs05TbarLhkc7z/rm5MBM=
-4,2,2YMab4v6BRD+bfaiAh8WYrMClLo=,6YrD6EMs05TbarLhkc7z/rm5MBM=
-13,0,2YMab4v6BRD+bfaiAh8WYrMClLo=,zWPkO2CIDmhX86Ptlq8iTXwozok=
-3,4,2YMab4v6BRD+bfaiAh8WYrMClLo=,6YrD6EMs05TbarLhkc7z/rm5MBM=
-2,2,2YMab4v6BRD+bfaiAh8WYrMClLo=,6YrD6EMs05TbarLhkc7z/rm5MBM=
-5,2,2YMab4v6BRD+bfaiAh8WYrMClLo=,6YrD6EMs05TbarLhkc7z/rm5MBM=
-1,2,2YMab4v6BRD+bfaiAh8WYrMClLo=,6YrD6EMs05TbarLhkc7z/rm5MBM=
-1,3,2YMab4v6BRD+bfaiAh8WYrMClLo=,6YrD6EMs05TbarLhkc7z/rm5MBM=
-6,3,2YMab4v6BRD+bfaiAh8WYrMClLo=,6YrD6EMs05TbarLhkc7z/rm5MBM=
-3,1,2YMab4v6BRD+bfaiAh8WYrMClLo=,6YrD6EMs05TbarLhkc7z/rm5MBM=
-3,2,2YMab4v6BRD+bfaiAh8WYrMClLo=,6YrD6EMs05TbarLhkc7z/rm5MBM=
-7,3,2YMab4v6BRD+bfaiAh8WYrMClLo=,6YrD6EMs05TbarLhkc7z/rm5MBM=
-6,2,2YMab4v6BRD+bfaiAh8WYrMClLo=,6YrD6EMs05TbarLhkc7z/rm5MBM=
-14,1,2YMab4v6BRD+bfaiAh8WYrMClLo=,zWPkO2CIDmhX86Ptlq8iTXwozok=
-4,1,2YMab4v6BRD+bfaiAh8WYrMClLo=,6YrD6EMs05TbarLhkc7z/rm5MBM=
-1,7,2YMab4v6BRD+bfaiAh8WYrMClLo=,6YrD6EMs05TbarLhkc7z/rm5MBM=
-7,2,2YMab4v6BRD+bfaiAh8WYrMClLo=,6YrD6EMs05TbarLhkc7z/rm5MBM=
-1,8,2YMab4v6BRD+bfaiAh8WYrMClLo=,lAKFx+peCCgiIdSC2Bt6l2ZRiho=
-4,4,2YMab4v6BRD+bfaiAh8WYrMClLo=,6YrD6EMs05TbarLhkc7z/rm5MBM=
-14,0,2YMab4v6BRD+bfaiAh8WYrMClLo=,zWPkO2CIDmhX86Ptlq8iTXwozok=
-4,8,2YMab4v6BRD+bfaiAh8WYrMClLo=,lAKFx+peCCgiIdSC2Bt6l2ZRiho=
-9,0,2YMab4v6BRD+bfaiAh8WYrMClLo=,zWPkO2CIDmhX86Ptlq8iTXwozok=
-6,8,2YMab4v6BRD+bfaiAh8WYrMClLo=,lAKFx+peCCgiIdSC2Bt6l2ZRiho=
-2,8,2YMab4v6BRD+bfaiAh8WYrMClLo=,lAKFx+peCCgiIdSC2Bt6l2ZRiho=
-6,4,2YMab4v6BRD+bfaiAh8WYrMClLo=,6YrD6EMs05TbarLhkc7z/rm5MBM=
-5,4,2YMab4v6BRD+bfaiAh8WYrMClLo=,6YrD6EMs05TbarLhkc7z/rm5MBM=
-7,5,2YMab4v6BRD+bfaiAh8WYrMClLo=,6YrD6EMs05TbarLhkc7z/rm5MBM=
-7,8,2YMab4v6BRD+bfaiAh8WYrMClLo=,lAKFx+peCCgiIdSC2Bt6l2ZRiho=
-1,0,2YMab4v6BRD+bfaiAh8WYrMClLo=,6YrD6EMs05TbarLhkc7z/rm5MBM=
-3,8,2YMab4v6BRD+bfaiAh8WYrMClLo=,lAKFx+peCCgiIdSC2Bt6l2ZRiho=
-15,0,2YMab4v6BRD+bfaiAh8WYrMClLo=,zWPkO2CIDmhX86Ptlq8iTXwozok=
-7,4,2YMab4v6BRD+bfaiAh8WYrMClLo=,6YrD6EMs05TbarLhkc7z/rm5MBM=
-6,5,2YMab4v6BRD+bfaiAh8WYrMClLo=,6YrD6EMs05TbarLhkc7z/rm5MBM=
-2,7,2YMab4v6BRD+bfaiAh8WYrMClLo=,6YrD6EMs05TbarLhkc7z/rm5MBM=
-5,5,2YMab4v6BRD+bfaiAh8WYrMClLo=,6YrD6EMs05TbarLhkc7z/rm5MBM=
-6,1,2YMab4v6BRD+bfaiAh8WYrMClLo=,6YrD6EMs05TbarLhkc7z/rm5MBM=
-4,5,2YMab4v6BRD+bfaiAh8WYrMClLo=,6YrD6EMs05TbarLhkc7z/rm5MBM=
-5,1,2YMab4v6BRD+bfaiAh8WYrMClLo=,6YrD6EMs05TbarLhkc7z/rm5MBM=
-12,0,2YMab4v6BRD+bfaiAh8WYrMClLo=,zWPkO2CIDmhX86Ptlq8iTXwozok=
-11,0,2YMab4v6BRD+bfaiAh8WYrMClLo=,zWPkO2CIDmhX86Ptlq8iTXwozok=
-8,8,2YMab4v6BRD+bfaiAh8WYrMClLo=,lAKFx+peCCgiIdSC2Bt6l2ZRiho=
-10,0,2YMab4v6BRD+bfaiAh8WYrMClLo=,zWPkO2CIDmhX86Ptlq8iTXwozok=
-2,0,2YMab4v6BRD+bfaiAh8WYrMClLo=,6YrD6EMs05TbarLhkc7z/rm5MBM=
-5,8,2YMab4v6BRD+bfaiAh8WYrMClLo=,lAKFx+peCCgiIdSC2Bt6l2ZRiho=
-7,1,2YMab4v6BRD+bfaiAh8WYrMClLo=,6YrD6EMs05TbarLhkc7z/rm5MBM=
-3,7,2YMab4v6BRD+bfaiAh8WYrMClLo=,6YrD6EMs05TbarLhkc7z/rm5MBM=
-15,1,2YMab4v6BRD+bfaiAh8WYrMClLo=,zWPkO2CIDmhX86Ptlq8iTXwozok=
-3,0,2YMab4v6BRD+bfaiAh8WYrMClLo=,6YrD6EMs05TbarLhkc7z/rm5MBM=
-15,3,2YMab4v6BRD+bfaiAh8WYrMClLo=,zWPkO2CIDmhX86Ptlq8iTXwozok=
-4,7,2YMab4v6BRD+bfaiAh8WYrMClLo=,6YrD6EMs05TbarLhkc7z/rm5MBM=
-11,4,2YMab4v6BRD+bfaiAh8WYrMClLo=,zWPkO2CIDmhX86Ptlq8iTXwozok=
-16,3,2YMab4v6BRD+bfaiAh8WYrMClLo=,zWPkO2CIDmhX86Ptlq8iTXwozok=
-13,4,2YMab4v6BRD+bfaiAh8WYrMClLo=,zWPkO2CIDmhX86Ptlq8iTXwozok=
-9,7,2YMab4v6BRD+bfaiAh8WYrMClLo=,zWPkO2CIDmhX86Ptlq8iTXwozok=
-14,4,2YMab4v6BRD+bfaiAh8WYrMClLo=,zWPkO2CIDmhX86Ptlq8iTXwozok=
-5,7,2YMab4v6BRD+bfaiAh8WYrMClLo=,6YrD6EMs05TbarLhkc7z/rm5MBM=
-16,7,2YMab4v6BRD+bfaiAh8WYrMClLo=,zWPkO2CIDmhX86Ptlq8iTXwozok=
-4,0,2YMab4v6BRD+bfaiAh8WYrMClLo=,6YrD6EMs05TbarLhkc7z/rm5MBM=
-11,7,2YMab4v6BRD+bfaiAh8WYrMClLo=,zWPkO2CIDmhX86Ptlq8iTXwozok=
-5,0,2YMab4v6BRD+bfaiAh8WYrMClLo=,6YrD6EMs05TbarLhkc7z/rm5MBM=
-6,7,2YMab4v6BRD+bfaiAh8WYrMClLo=,6YrD6EMs05TbarLhkc7z/rm5MBM=
-8,3,2YMab4v6BRD+bfaiAh8WYrMClLo=,6YrD6EMs05TbarLhkc7z/rm5MBM=
-8,5,2YMab4v6BRD+bfaiAh8WYrMClLo=,6YrD6EMs05TbarLhkc7z/rm5MBM=
-12,7,2YMab4v6BRD+bfaiAh8WYrMClLo=,zWPkO2CIDmhX86Ptlq8iTXwozok=
-7,7,2YMab4v6BRD+bfaiAh8WYrMClLo=,6YrD6EMs05TbarLhkc7z/rm5MBM=
-8,2,2YMab4v6BRD+bfaiAh8WYrMClLo=,6YrD6EMs05TbarLhkc7z/rm5MBM=
-10,3,2YMab4v6BRD+bfaiAh8WYrMClLo=,zWPkO2CIDmhX86Ptlq8iTXwozok=
-9,3,2YMab4v6BRD+bfaiAh8WYrMClLo=,zWPkO2CIDmhX86Ptlq8iTXwozok=
-6,0,2YMab4v6BRD+bfaiAh8WYrMClLo=,6YrD6EMs05TbarLhkc7z/rm5MBM=
-12,4,2YMab4v6BRD+bfaiAh8WYrMClLo=,zWPkO2CIDmhX86Ptlq8iTXwozok=
-15,7,2YMab4v6BRD+bfaiAh8WYrMClLo=,zWPkO2CIDmhX86Ptlq8iTXwozok=
-13,7,2YMab4v6BRD+bfaiAh8WYrMClLo=,zWPkO2CIDmhX86Ptlq8iTXwozok=
-8,1,2YMab4v6BRD+bfaiAh8WYrMClLo=,6YrD6EMs05TbarLhkc7z/rm5MBM=
-10,7,2YMab4v6BRD+bfaiAh8WYrMClLo=,zWPkO2CIDmhX86Ptlq8iTXwozok=
-8,7,2YMab4v6BRD+bfaiAh8WYrMClLo=,6YrD6EMs05TbarLhkc7z/rm5MBM=
-7,0,2YMab4v6BRD+bfaiAh8WYrMClLo=,6YrD6EMs05TbarLhkc7z/rm5MBM=
-15,2,2YMab4v6BRD+bfaiAh8WYrMClLo=,zWPkO2CIDmhX86Ptlq8iTXwozok=
-9,2,2YMab4v6BRD+bfaiAh8WYrMClLo=,zWPkO2CIDmhX86Ptlq8iTXwozok=
-14,7,2YMab4v6BRD+bfaiAh8WYrMClLo=,zWPkO2CIDmhX86Ptlq8iTXwozok=
-15,4,2YMab4v6BRD+bfaiAh8WYrMClLo=,zWPkO2CIDmhX86Ptlq8iTXwozok=
-8,4,2YMab4v6BRD+bfaiAh8WYrMClLo=,6YrD6EMs05TbarLhkc7z/rm5MBM=
-3,5,2YMab4v6BRD+bfaiAh8WYrMClLo=,6YrD6EMs05TbarLhkc7z/rm5MBM=
-1,6,2YMab4v6BRD+bfaiAh8WYrMClLo=,6YrD6EMs05TbarLhkc7z/rm5MBM=
-14,2,2YMab4v6BRD+bfaiAh8WYrMClLo=,zWPkO2CIDmhX86Ptlq8iTXwozok=
-12,3,2YMab4v6BRD+bfaiAh8WYrMClLo=,zWPkO2CIDmhX86Ptlq8iTXwozok=
-11,3,2YMab4v6BRD+bfaiAh8WYrMClLo=,zWPkO2CIDmhX86Ptlq8iTXwozok=
-2,6,2YMab4v6BRD+bfaiAh8WYrMClLo=,6YrD6EMs05TbarLhkc7z/rm5MBM=
-3,6,2YMab4v6BRD+bfaiAh8WYrMClLo=,6YrD6EMs05TbarLhkc7z/rm5MBM=
-16,0,2YMab4v6BRD+bfaiAh8WYrMClLo=,zWPkO2CIDmhX86Ptlq8iTXwozok=
-4,6,2YMab4v6BRD+bfaiAh8WYrMClLo=,6YrD6EMs05TbarLhkc7z/rm5MBM=
-16,6,2YMab4v6BRD+bfaiAh8WYrMClLo=,zWPkO2CIDmhX86Ptlq8iTXwozok=
-9,1,2YMab4v6BRD+bfaiAh8WYrMClLo=,zWPkO2CIDmhX86Ptlq8iTXwozok=
-8,0,2YMab4v6BRD+bfaiAh8WYrMClLo=,6YrD6EMs05TbarLhkc7z/rm5MBM=
-5,6,2YMab4v6BRD+bfaiAh8WYrMClLo=,6YrD6EMs05TbarLhkc7z/rm5MBM=
-16,2,2YMab4v6BRD+bfaiAh8WYrMClLo=,zWPkO2CIDmhX86Ptlq8iTXwozok=
-11,6,2YMab4v6BRD+bfaiAh8WYrMClLo=,zWPkO2CIDmhX86Ptlq8iTXwozok=
-13,3,2YMab4v6BRD+bfaiAh8WYrMClLo=,zWPkO2CIDmhX86Ptlq8iTXwozok=
-12,6,2YMab4v6BRD+bfaiAh8WYrMClLo=,zWPkO2CIDmhX86Ptlq8iTXwozok=
-13,6,2YMab4v6BRD+bfaiAh8WYrMClLo=,zWPkO2CIDmhX86Ptlq8iTXwozok=
-14,6,2YMab4v6BRD+bfaiAh8WYrMClLo=,zWPkO2CIDmhX86Ptlq8iTXwozok=
-10,6,2YMab4v6BRD+bfaiAh8WYrMClLo=,zWPkO2CIDmhX86Ptlq8iTXwozok=
-15,5,2YMab4v6BRD+bfaiAh8WYrMClLo=,zWPkO2CIDmhX86Ptlq8iTXwozok=
-9,6,2YMab4v6BRD+bfaiAh8WYrMClLo=,zWPkO2CIDmhX86Ptlq8iTXwozok=
-16,4,2YMab4v6BRD+bfaiAh8WYrMClLo=,zWPkO2CIDmhX86Ptlq8iTXwozok=
-10,2,2YMab4v6BRD+bfaiAh8WYrMClLo=,zWPkO2CIDmhX86Ptlq8iTXwozok=
-15,6,2YMab4v6BRD+bfaiAh8WYrMClLo=,zWPkO2CIDmhX86Ptlq8iTXwozok=
-14,3,2YMab4v6BRD+bfaiAh8WYrMClLo=,zWPkO2CIDmhX86Ptlq8iTXwozok=
-12,5,2YMab4v6BRD+bfaiAh8WYrMClLo=,zWPkO2CIDmhX86Ptlq8iTXwozok=
-2,5,2YMab4v6BRD+bfaiAh8WYrMClLo=,6YrD6EMs05TbarLhkc7z/rm5MBM=
-6,6,2YMab4v6BRD+bfaiAh8WYrMClLo=,6YrD6EMs05TbarLhkc7z/rm5MBM=
-13,5,2YMab4v6BRD+bfaiAh8WYrMClLo=,zWPkO2CIDmhX86Ptlq8iTXwozok=
-11,5,2YMab4v6BRD+bfaiAh8WYrMClLo=,zWPkO2CIDmhX86Ptlq8iTXwozok=
-9,5,2YMab4v6BRD+bfaiAh8WYrMClLo=,zWPkO2CIDmhX86Ptlq8iTXwozok=
-16,1,2YMab4v6BRD+bfaiAh8WYrMClLo=,zWPkO2CIDmhX86Ptlq8iTXwozok=
-10,5,2YMab4v6BRD+bfaiAh8WYrMClLo=,zWPkO2CIDmhX86Ptlq8iTXwozok=
-14,5,2YMab4v6BRD+bfaiAh8WYrMClLo=,zWPkO2CIDmhX86Ptlq8iTXwozok=
-7,6,2YMab4v6BRD+bfaiAh8WYrMClLo=,6YrD6EMs05TbarLhkc7z/rm5MBM=
-13,1,2YMab4v6BRD+bfaiAh8WYrMClLo=,zWPkO2CIDmhX86Ptlq8iTXwozok=
-11,2,2YMab4v6BRD+bfaiAh8WYrMClLo=,zWPkO2CIDmhX86Ptlq8iTXwozok=
-10,4,2YMab4v6BRD+bfaiAh8WYrMClLo=,zWPkO2CIDmhX86Ptlq8iTXwozok=
-10,1,2YMab4v6BRD+bfaiAh8WYrMClLo=,zWPkO2CIDmhX86Ptlq8iTXwozok=
-1,5,2YMab4v6BRD+bfaiAh8WYrMClLo=,6YrD6EMs05TbarLhkc7z/rm5MBM=
-11,1,2YMab4v6BRD+bfaiAh8WYrMClLo=,zWPkO2CIDmhX86Ptlq8iTXwozok=
-16,5,2YMab4v6BRD+bfaiAh8WYrMClLo=,zWPkO2CIDmhX86Ptlq8iTXwozok=
-8,6,2YMab4v6BRD+bfaiAh8WYrMClLo=,6YrD6EMs05TbarLhkc7z/rm5MBM=
-12,2,2YMab4v6BRD+bfaiAh8WYrMClLo=,zWPkO2CIDmhX86Ptlq8iTXwozok=
-13,2,2YMab4v6BRD+bfaiAh8WYrMClLo=,zWPkO2CIDmhX86Ptlq8iTXwozok=
-12,1,2YMab4v6BRD+bfaiAh8WYrMClLo=,zWPkO2CIDmhX86Ptlq8iTXwozok=
-9,4,2YMab4v6BRD+bfaiAh8WYrMClLo=,zWPkO2CIDmhX86Ptlq8iTXwozok=
-5,29,LElDMMzRlDGh2uW2q0QBn/l58zQ=,1CAUmi+YtfrojTSdW3hab35HXHY=
-7,25,LElDMMzRlDGh2uW2q0QBn/l58zQ=,1CAUmi+YtfrojTSdW3hab35HXHY=
-4,25,LElDMMzRlDGh2uW2q0QBn/l58zQ=,1CAUmi+YtfrojTSdW3hab35HXHY=
-5,27,LElDMMzRlDGh2uW2q0QBn/l58zQ=,1CAUmi+YtfrojTSdW3hab35HXHY=
-5,25,LElDMMzRlDGh2uW2q0QBn/l58zQ=,1CAUmi+YtfrojTSdW3hab35HXHY=
-6,29,LElDMMzRlDGh2uW2q0QBn/l58zQ=,1CAUmi+YtfrojTSdW3hab35HXHY=
-2,31,LElDMMzRlDGh2uW2q0QBn/l58zQ=,1CAUmi+YtfrojTSdW3hab35HXHY=
-7,29,LElDMMzRlDGh2uW2q0QBn/l58zQ=,1CAUmi+YtfrojTSdW3hab35HXHY=
-6,25,LElDMMzRlDGh2uW2q0QBn/l58zQ=,1CAUmi+YtfrojTSdW3hab35HXHY=
-1,31,LElDMMzRlDGh2uW2q0QBn/l58zQ=,1CAUmi+YtfrojTSdW3hab35HXHY=
-5,28,LElDMMzRlDGh2uW2q0QBn/l58zQ=,1CAUmi+YtfrojTSdW3hab35HXHY=
-6,31,LElDMMzRlDGh2uW2q0QBn/l58zQ=,1CAUmi+YtfrojTSdW3hab35HXHY=
-4,31,LElDMMzRlDGh2uW2q0QBn/l58zQ=,1CAUmi+YtfrojTSdW3hab35HXHY=
-8,29,LElDMMzRlDGh2uW2q0QBn/l58zQ=,1CAUmi+YtfrojTSdW3hab35HXHY=
-7,27,LElDMMzRlDGh2uW2q0QBn/l58zQ=,1CAUmi+YtfrojTSdW3hab35HXHY=
-5,26,LElDMMzRlDGh2uW2q0QBn/l58zQ=,1CAUmi+YtfrojTSdW3hab35HXHY=
-7,31,LElDMMzRlDGh2uW2q0QBn/l58zQ=,1CAUmi+YtfrojTSdW3hab35HXHY=
-2,30,LElDMMzRlDGh2uW2q0QBn/l58zQ=,1CAUmi+YtfrojTSdW3hab35HXHY=
-8,28,LElDMMzRlDGh2uW2q0QBn/l58zQ=,1CAUmi+YtfrojTSdW3hab35HXHY=
-6,26,LElDMMzRlDGh2uW2q0QBn/l58zQ=,1CAUmi+YtfrojTSdW3hab35HXHY=
-7,30,LElDMMzRlDGh2uW2q0QBn/l58zQ=,1CAUmi+YtfrojTSdW3hab35HXHY=
-8,27,LElDMMzRlDGh2uW2q0QBn/l58zQ=,1CAUmi+YtfrojTSdW3hab35HXHY=
-7,26,LElDMMzRlDGh2uW2q0QBn/l58zQ=,1CAUmi+YtfrojTSdW3hab35HXHY=
-6,30,LElDMMzRlDGh2uW2q0QBn/l58zQ=,1CAUmi+YtfrojTSdW3hab35HXHY=
-5,30,LElDMMzRlDGh2uW2q0QBn/l58zQ=,1CAUmi+YtfrojTSdW3hab35HXHY=
-3,29,LElDMMzRlDGh2uW2q0QBn/l58zQ=,1CAUmi+YtfrojTSdW3hab35HXHY=
-8,30,LElDMMzRlDGh2uW2q0QBn/l58zQ=,1CAUmi+YtfrojTSdW3hab35HXHY=
-4,29,LElDMMzRlDGh2uW2q0QBn/l58zQ=,1CAUmi+YtfrojTSdW3hab35HXHY=
-8,26,LElDMMzRlDGh2uW2q0QBn/l58zQ=,1CAUmi+YtfrojTSdW3hab35HXHY=
-6,28,LElDMMzRlDGh2uW2q0QBn/l58zQ=,1CAUmi+YtfrojTSdW3hab35HXHY=
-8,25,LElDMMzRlDGh2uW2q0QBn/l58zQ=,1CAUmi+YtfrojTSdW3hab35HXHY=
-6,27,LElDMMzRlDGh2uW2q0QBn/l58zQ=,1CAUmi+YtfrojTSdW3hab35HXHY=
-8,31,LElDMMzRlDGh2uW2q0QBn/l58zQ=,1CAUmi+YtfrojTSdW3hab35HXHY=
-3,31,LElDMMzRlDGh2uW2q0QBn/l58zQ=,1CAUmi+YtfrojTSdW3hab35HXHY=
-7,28,LElDMMzRlDGh2uW2q0QBn/l58zQ=,1CAUmi+YtfrojTSdW3hab35HXHY=
-5,31,LElDMMzRlDGh2uW2q0QBn/l58zQ=,1CAUmi+YtfrojTSdW3hab35HXHY=
-4,30,LElDMMzRlDGh2uW2q0QBn/l58zQ=,1CAUmi+YtfrojTSdW3hab35HXHY=
-3,30,LElDMMzRlDGh2uW2q0QBn/l58zQ=,1CAUmi+YtfrojTSdW3hab35HXHY=
-4,28,LElDMMzRlDGh2uW2q0QBn/l58zQ=,1CAUmi+YtfrojTSdW3hab35HXHY=
-5,19,LElDMMzRlDGh2uW2q0QBn/l58zQ=,teInYYy1rRo+dcYLsIixpuiIcH0=
-6,19,LElDMMzRlDGh2uW2q0QBn/l58zQ=,teInYYy1rRo+dcYLsIixpuiIcH0=
-7,19,LElDMMzRlDGh2uW2q0QBn/l58zQ=,teInYYy1rRo+dcYLsIixpuiIcH0=
-8,19,LElDMMzRlDGh2uW2q0QBn/l58zQ=,teInYYy1rRo+dcYLsIixpuiIcH0=
-4,23,LElDMMzRlDGh2uW2q0QBn/l58zQ=,teInYYy1rRo+dcYLsIixpuiIcH0=
-5,23,LElDMMzRlDGh2uW2q0QBn/l58zQ=,teInYYy1rRo+dcYLsIixpuiIcH0=
-6,23,LElDMMzRlDGh2uW2q0QBn/l58zQ=,teInYYy1rRo+dcYLsIixpuiIcH0=
-7,23,LElDMMzRlDGh2uW2q0QBn/l58zQ=,teInYYy1rRo+dcYLsIixpuiIcH0=
-8,23,LElDMMzRlDGh2uW2q0QBn/l58zQ=,teInYYy1rRo+dcYLsIixpuiIcH0=
-5,18,LElDMMzRlDGh2uW2q0QBn/l58zQ=,teInYYy1rRo+dcYLsIixpuiIcH0=
-5,22,LElDMMzRlDGh2uW2q0QBn/l58zQ=,teInYYy1rRo+dcYLsIixpuiIcH0=
-1,30,LElDMMzRlDGh2uW2q0QBn/l58zQ=,1CAUmi+YtfrojTSdW3hab35HXHY=
-6,22,LElDMMzRlDGh2uW2q0QBn/l58zQ=,teInYYy1rRo+dcYLsIixpuiIcH0=
-6,18,LElDMMzRlDGh2uW2q0QBn/l58zQ=,teInYYy1rRo+dcYLsIixpuiIcH0=
-7,22,LElDMMzRlDGh2uW2q0QBn/l58zQ=,teInYYy1rRo+dcYLsIixpuiIcH0=
-5,24,LElDMMzRlDGh2uW2q0QBn/l58zQ=,1CAUmi+YtfrojTSdW3hab35HXHY=
-7,18,LElDMMzRlDGh2uW2q0QBn/l58zQ=,teInYYy1rRo+dcYLsIixpuiIcH0=
-8,18,LElDMMzRlDGh2uW2q0QBn/l58zQ=,teInYYy1rRo+dcYLsIixpuiIcH0=
-2,29,LElDMMzRlDGh2uW2q0QBn/l58zQ=,1CAUmi+YtfrojTSdW3hab35HXHY=
-8,22,LElDMMzRlDGh2uW2q0QBn/l58zQ=,teInYYy1rRo+dcYLsIixpuiIcH0=
-1,18,LElDMMzRlDGh2uW2q0QBn/l58zQ=,teInYYy1rRo+dcYLsIixpuiIcH0=
-4,27,LElDMMzRlDGh2uW2q0QBn/l58zQ=,1CAUmi+YtfrojTSdW3hab35HXHY=
-4,26,LElDMMzRlDGh2uW2q0QBn/l58zQ=,1CAUmi+YtfrojTSdW3hab35HXHY=
-4,22,LElDMMzRlDGh2uW2q0QBn/l58zQ=,teInYYy1rRo+dcYLsIixpuiIcH0=
-2,26,LElDMMzRlDGh2uW2q0QBn/l58zQ=,1CAUmi+YtfrojTSdW3hab35HXHY=
-5,21,LElDMMzRlDGh2uW2q0QBn/l58zQ=,teInYYy1rRo+dcYLsIixpuiIcH0=
-4,17,LElDMMzRlDGh2uW2q0QBn/l58zQ=,teInYYy1rRo+dcYLsIixpuiIcH0=
-5,17,LElDMMzRlDGh2uW2q0QBn/l58zQ=,teInYYy1rRo+dcYLsIixpuiIcH0=
-6,24,LElDMMzRlDGh2uW2q0QBn/l58zQ=,1CAUmi+YtfrojTSdW3hab35HXHY=
-7,24,LElDMMzRlDGh2uW2q0QBn/l58zQ=,1CAUmi+YtfrojTSdW3hab35HXHY=
-2,27,LElDMMzRlDGh2uW2q0QBn/l58zQ=,1CAUmi+YtfrojTSdW3hab35HXHY=
-1,29,LElDMMzRlDGh2uW2q0QBn/l58zQ=,1CAUmi+YtfrojTSdW3hab35HXHY=
-6,17,LElDMMzRlDGh2uW2q0QBn/l58zQ=,teInYYy1rRo+dcYLsIixpuiIcH0=
-4,24,LElDMMzRlDGh2uW2q0QBn/l58zQ=,1CAUmi+YtfrojTSdW3hab35HXHY=
-8,24,LElDMMzRlDGh2uW2q0QBn/l58zQ=,1CAUmi+YtfrojTSdW3hab35HXHY=
-2,21,LElDMMzRlDGh2uW2q0QBn/l58zQ=,teInYYy1rRo+dcYLsIixpuiIcH0=
-7,17,LElDMMzRlDGh2uW2q0QBn/l58zQ=,teInYYy1rRo+dcYLsIixpuiIcH0=
-8,17,LElDMMzRlDGh2uW2q0QBn/l58zQ=,teInYYy1rRo+dcYLsIixpuiIcH0=
-6,21,LElDMMzRlDGh2uW2q0QBn/l58zQ=,teInYYy1rRo+dcYLsIixpuiIcH0=
-2,18,LElDMMzRlDGh2uW2q0QBn/l58zQ=,teInYYy1rRo+dcYLsIixpuiIcH0=
-4,21,LElDMMzRlDGh2uW2q0QBn/l58zQ=,teInYYy1rRo+dcYLsIixpuiIcH0=
-1,21,LElDMMzRlDGh2uW2q0QBn/l58zQ=,teInYYy1rRo+dcYLsIixpuiIcH0=
-7,21,LElDMMzRlDGh2uW2q0QBn/l58zQ=,teInYYy1rRo+dcYLsIixpuiIcH0=
-4,16,LElDMMzRlDGh2uW2q0QBn/l58zQ=,teInYYy1rRo+dcYLsIixpuiIcH0=
-1,25,LElDMMzRlDGh2uW2q0QBn/l58zQ=,1CAUmi+YtfrojTSdW3hab35HXHY=
-6,16,LElDMMzRlDGh2uW2q0QBn/l58zQ=,teInYYy1rRo+dcYLsIixpuiIcH0=
-5,16,LElDMMzRlDGh2uW2q0QBn/l58zQ=,teInYYy1rRo+dcYLsIixpuiIcH0=
-7,16,LElDMMzRlDGh2uW2q0QBn/l58zQ=,teInYYy1rRo+dcYLsIixpuiIcH0=
-8,21,LElDMMzRlDGh2uW2q0QBn/l58zQ=,teInYYy1rRo+dcYLsIixpuiIcH0=
-8,16,LElDMMzRlDGh2uW2q0QBn/l58zQ=,teInYYy1rRo+dcYLsIixpuiIcH0=
-2,20,LElDMMzRlDGh2uW2q0QBn/l58zQ=,teInYYy1rRo+dcYLsIixpuiIcH0=
-2,25,LElDMMzRlDGh2uW2q0QBn/l58zQ=,1CAUmi+YtfrojTSdW3hab35HXHY=
-2,22,LElDMMzRlDGh2uW2q0QBn/l58zQ=,teInYYy1rRo+dcYLsIixpuiIcH0=
-1,26,LElDMMzRlDGh2uW2q0QBn/l58zQ=,1CAUmi+YtfrojTSdW3hab35HXHY=
-5,20,LElDMMzRlDGh2uW2q0QBn/l58zQ=,teInYYy1rRo+dcYLsIixpuiIcH0=
-7,20,LElDMMzRlDGh2uW2q0QBn/l58zQ=,teInYYy1rRo+dcYLsIixpuiIcH0=
-6,20,LElDMMzRlDGh2uW2q0QBn/l58zQ=,teInYYy1rRo+dcYLsIixpuiIcH0=
-8,20,LElDMMzRlDGh2uW2q0QBn/l58zQ=,teInYYy1rRo+dcYLsIixpuiIcH0=
-2,19,LElDMMzRlDGh2uW2q0QBn/l58zQ=,teInYYy1rRo+dcYLsIixpuiIcH0=
-3,16,LElDMMzRlDGh2uW2q0QBn/l58zQ=,teInYYy1rRo+dcYLsIixpuiIcH0=
-1,20,LElDMMzRlDGh2uW2q0QBn/l58zQ=,teInYYy1rRo+dcYLsIixpuiIcH0=
-1,19,LElDMMzRlDGh2uW2q0QBn/l58zQ=,teInYYy1rRo+dcYLsIixpuiIcH0=
-1,22,LElDMMzRlDGh2uW2q0QBn/l58zQ=,teInYYy1rRo+dcYLsIixpuiIcH0=
-2,16,LElDMMzRlDGh2uW2q0QBn/l58zQ=,teInYYy1rRo+dcYLsIixpuiIcH0=
-4,18,LElDMMzRlDGh2uW2q0QBn/l58zQ=,teInYYy1rRo+dcYLsIixpuiIcH0=
-1,17,LElDMMzRlDGh2uW2q0QBn/l58zQ=,teInYYy1rRo+dcYLsIixpuiIcH0=
-1,23,LElDMMzRlDGh2uW2q0QBn/l58zQ=,teInYYy1rRo+dcYLsIixpuiIcH0=
-1,24,LElDMMzRlDGh2uW2q0QBn/l58zQ=,1CAUmi+YtfrojTSdW3hab35HXHY=
-1,27,LElDMMzRlDGh2uW2q0QBn/l58zQ=,1CAUmi+YtfrojTSdW3hab35HXHY=
-1,16,LElDMMzRlDGh2uW2q0QBn/l58zQ=,teInYYy1rRo+dcYLsIixpuiIcH0=
-2,28,LElDMMzRlDGh2uW2q0QBn/l58zQ=,1CAUmi+YtfrojTSdW3hab35HXHY=
-2,24,LElDMMzRlDGh2uW2q0QBn/l58zQ=,1CAUmi+YtfrojTSdW3hab35HXHY=
-3,28,LElDMMzRlDGh2uW2q0QBn/l58zQ=,1CAUmi+YtfrojTSdW3hab35HXHY=
-1,28,LElDMMzRlDGh2uW2q0QBn/l58zQ=,1CAUmi+YtfrojTSdW3hab35HXHY=
-2,23,LElDMMzRlDGh2uW2q0QBn/l58zQ=,teInYYy1rRo+dcYLsIixpuiIcH0=
-2,17,LElDMMzRlDGh2uW2q0QBn/l58zQ=,teInYYy1rRo+dcYLsIixpuiIcH0=
-4,19,LElDMMzRlDGh2uW2q0QBn/l58zQ=,teInYYy1rRo+dcYLsIixpuiIcH0=
-4,20,LElDMMzRlDGh2uW2q0QBn/l58zQ=,teInYYy1rRo+dcYLsIixpuiIcH0=
-3,25,LElDMMzRlDGh2uW2q0QBn/l58zQ=,1CAUmi+YtfrojTSdW3hab35HXHY=
-3,17,LElDMMzRlDGh2uW2q0QBn/l58zQ=,teInYYy1rRo+dcYLsIixpuiIcH0=
-3,27,LElDMMzRlDGh2uW2q0QBn/l58zQ=,1CAUmi+YtfrojTSdW3hab35HXHY=
-3,20,LElDMMzRlDGh2uW2q0QBn/l58zQ=,teInYYy1rRo+dcYLsIixpuiIcH0=
-3,18,LElDMMzRlDGh2uW2q0QBn/l58zQ=,teInYYy1rRo+dcYLsIixpuiIcH0=
-3,26,LElDMMzRlDGh2uW2q0QBn/l58zQ=,1CAUmi+YtfrojTSdW3hab35HXHY=
-3,21,LElDMMzRlDGh2uW2q0QBn/l58zQ=,teInYYy1rRo+dcYLsIixpuiIcH0=
-3,19,LElDMMzRlDGh2uW2q0QBn/l58zQ=,teInYYy1rRo+dcYLsIixpuiIcH0=
-3,23,LElDMMzRlDGh2uW2q0QBn/l58zQ=,teInYYy1rRo+dcYLsIixpuiIcH0=
-3,24,LElDMMzRlDGh2uW2q0QBn/l58zQ=,1CAUmi+YtfrojTSdW3hab35HXHY=
-3,22,LElDMMzRlDGh2uW2q0QBn/l58zQ=,teInYYy1rRo+dcYLsIixpuiIcH0=
