53,-140,OdhswqkLXjdcGMM/12yf4ggmNgg=,PbscG+J18LDGQrKJucxZ3kMReMg=
55,-141,OdhswqkLXjdcGMM/12yf4ggmNgg=,PbscG+J18LDGQrKJucxZ3kMReMg=
50,-144,OdhswqkLXjdcGMM/12yf4ggmNgg=,PbscG+J18LDGQrKJucxZ3kMReMg=
51,-144,OdhswqkLXjdcGMM/12yf4ggmNgg=,PbscG+J18LDGQrKJucxZ3kMReMg=
52,-140,OdhswqkLXjdcGMM/12yf4ggmNgg=,PbscG+J18LDGQrKJucxZ3kMReMg=
53,-141,OdhswqkLXjdcGMM/12yf4ggmNgg=,PbscG+J18LDGQrKJucxZ3kMReMg=
50,-140,OdhswqkLXjdcGMM/12yf4ggmNgg=,PbscG+J18LDGQrKJucxZ3kMReMg=
55,-137,OdhswqkLXjdcGMM/12yf4ggmNgg=,PbscG+J18LDGQrKJucxZ3kMReMg=
49,-140,OdhswqkLXjdcGMM/12yf4ggmNgg=,PbscG+J18LDGQrKJucxZ3kMReMg=
54,-137,OdhswqkLXjdcGMM/12yf4ggmNgg=,PbscG+J18LDGQrKJucxZ3kMReMg=
51,-137,OdhswqkLXjdcGMM/12yf4ggmNgg=,PbscG+J18LDGQrKJucxZ3kMReMg=
50,-137,OdhswqkLXjdcGMM/12yf4ggmNgg=,PbscG+J18LDGQrKJucxZ3kMReMg=
52,-137,OdhswqkLXjdcGMM/12yf4ggmNgg=,PbscG+J18LDGQrKJucxZ3kMReMg=
51,-140,OdhswqkLXjdcGMM/12yf4ggmNgg=,PbscG+J18LDGQrKJucxZ3kMReMg=
54,-144,OdhswqkLXjdcGMM/12yf4ggmNgg=,PbscG+J18LDGQrKJucxZ3kMReMg=
48,-140,OdhswqkLXjdcGMM/12yf4ggmNgg=,PbscG+J18LDGQrKJucxZ3kMReMg=
55,-138,OdhswqkLXjdcGMM/12yf4ggmNgg=,PbscG+J18LDGQrKJucxZ3kMReMg=
52,-141,OdhswqkLXjdcGMM/12yf4ggmNgg=,PbscG+J18LDGQrKJucxZ3kMReMg=
55,-143,OdhswqkLXjdcGMM/12yf4ggmNgg=,PbscG+J18LDGQrKJucxZ3kMReMg=
49,-137,OdhswqkLXjdcGMM/12yf4ggmNgg=,PbscG+J18LDGQrKJucxZ3kMReMg=
54,-138,OdhswqkLXjdcGMM/12yf4ggmNgg=,PbscG+J18LDGQrKJucxZ3kMReMg=
48,-137,OdhswqkLXjdcGMM/12yf4ggmNgg=,PbscG+J18LDGQrKJucxZ3kMReMg=
52,-138,OdhswqkLXjdcGMM/12yf4ggmNgg=,PbscG+J18LDGQrKJucxZ3kMReMg=
53,-138,OdhswqkLXjdcGMM/12yf4ggmNgg=,PbscG+J18LDGQrKJucxZ3kMReMg=
51,-138,OdhswqkLXjdcGMM/12yf4ggmNgg=,PbscG+J18LDGQrKJucxZ3kMReMg=
54,-143,OdhswqkLXjdcGMM/12yf4ggmNgg=,PbscG+J18LDGQrKJucxZ3kMReMg=
50,-138,OdhswqkLXjdcGMM/12yf4ggmNgg=,PbscG+J18LDGQrKJucxZ3kMReMg=
53,-144,OdhswqkLXjdcGMM/12yf4ggmNgg=,PbscG+J18LDGQrKJucxZ3kMReMg=
54,-141,OdhswqkLXjdcGMM/12yf4ggmNgg=,PbscG+J18LDGQrKJucxZ3kMReMg=
55,-139,OdhswqkLXjdcGMM/12yf4ggmNgg=,PbscG+J18LDGQrKJucxZ3kMReMg=
48,-138,OdhswqkLXjdcGMM/12yf4ggmNgg=,PbscG+J18LDGQrKJucxZ3kMReMg=
49,-138,OdhswqkLXjdcGMM/12yf4ggmNgg=,PbscG+J18LDGQrKJucxZ3kMReMg=
49,-144,OdhswqkLXjdcGMM/12yf4ggmNgg=,PbscG+J18LDGQrKJucxZ3kMReMg=
54,-139,OdhswqkLXjdcGMM/12yf4ggmNgg=,PbscG+J18LDGQrKJucxZ3kMReMg=
52,-139,OdhswqkLXjdcGMM/12yf4ggmNgg=,PbscG+J18LDGQrKJucxZ3kMReMg=
53,-143,OdhswqkLXjdcGMM/12yf4ggmNgg=,PbscG+J18LDGQrKJucxZ3kMReMg=
50,-139,OdhswqkLXjdcGMM/12yf4ggmNgg=,PbscG+J18LDGQrKJucxZ3kMReMg=
53,-139,OdhswqkLXjdcGMM/12yf4ggmNgg=,PbscG+J18LDGQrKJucxZ3kMReMg=
51,-139,OdhswqkLXjdcGMM/12yf4ggmNgg=,PbscG+J18LDGQrKJucxZ3kMReMg=
53,-137,OdhswqkLXjdcGMM/12yf4ggmNgg=,PbscG+J18LDGQrKJucxZ3kMReMg=
49,-139,OdhswqkLXjdcGMM/12yf4ggmNgg=,PbscG+J18LDGQrKJucxZ3kMReMg=
52,-143,OdhswqkLXjdcGMM/12yf4ggmNgg=,PbscG+J18LDGQrKJucxZ3kMReMg=
52,-144,OdhswqkLXjdcGMM/12yf4ggmNgg=,PbscG+J18LDGQrKJucxZ3kMReMg=
55,-140,OdhswqkLXjdcGMM/12yf4ggmNgg=,PbscG+J18LDGQrKJucxZ3kMReMg=
48,-139,OdhswqkLXjdcGMM/12yf4ggmNgg=,PbscG+J18LDGQrKJucxZ3kMReMg=
55,-142,OdhswqkLXjdcGMM/12yf4ggmNgg=,PbscG+J18LDGQrKJucxZ3kMReMg=
55,-144,OdhswqkLXjdcGMM/12yf4ggmNgg=,PbscG+J18LDGQrKJucxZ3kMReMg=
54,-142,OdhswqkLXjdcGMM/12yf4ggmNgg=,PbscG+J18LDGQrKJucxZ3kMReMg=
53,-142,OdhswqkLXjdcGMM/12yf4ggmNgg=,PbscG+J18LDGQrKJucxZ3kMReMg=
51,-141,OdhswqkLXjdcGMM/12yf4ggmNgg=,PbscG+J18LDGQrKJucxZ3kMReMg=
52,-142,OdhswqkLXjdcGMM/12yf4ggmNgg=,PbscG+J18LDGQrKJucxZ3kMReMg=
51,-142,OdhswqkLXjdcGMM/12yf4ggmNgg=,PbscG+J18LDGQrKJucxZ3kMReMg=
50,-142,OdhswqkLXjdcGMM/12yf4ggmNgg=,PbscG+J18LDGQrKJucxZ3kMReMg=
49,-142,OdhswqkLXjdcGMM/12yf4ggmNgg=,PbscG+J18LDGQrKJucxZ3kMReMg=
51,-143,OdhswqkLXjdcGMM/12yf4ggmNgg=,PbscG+J18LDGQrKJucxZ3kMReMg=
54,-140,OdhswqkLXjdcGMM/12yf4ggmNgg=,PbscG+J18LDGQrKJucxZ3kMReMg=
50,-141,OdhswqkLXjdcGMM/12yf4ggmNgg=,PbscG+J18LDGQrKJucxZ3kMReMg=
50,-143,OdhswqkLXjdcGMM/12yf4ggmNgg=,PbscG+J18LDGQrKJucxZ3kMReMg=
49,-141,OdhswqkLXjdcGMM/12yf4ggmNgg=,PbscG+J18LDGQrKJucxZ3kMReMg=
48,-141,OdhswqkLXjdcGMM/12yf4ggmNgg=,PbscG+J18LDGQrKJucxZ3kMReMg=
48,-142,OdhswqkLXjdcGMM/12yf4ggmNgg=,PbscG+J18LDGQrKJucxZ3kMReMg=
48,-143,OdhswqkLXjdcGMM/12yf4ggmNgg=,PbscG+J18LDGQrKJucxZ3kMReMg=
48,-144,OdhswqkLXjdcGMM/12yf4ggmNgg=,PbscG+J18LDGQrKJucxZ3kMReMg=
49,-143,OdhswqkLXjdcGMM/12yf4ggmNgg=,PbscG+J18LDGQrKJucxZ3kMReMg=
50,-159,OdhswqkLXjdcGMM/12yf4ggmNgg=,fif6673a89m6sIdUjX22bB+wrOM=
53,-158,OdhswqkLXjdcGMM/12yf4ggmNgg=,fif6673a89m6sIdUjX22bB+wrOM=
55,-154,OdhswqkLXjdcGMM/12yf4ggmNgg=,fif6673a89m6sIdUjX22bB+wrOM=
55,-159,OdhswqkLXjdcGMM/12yf4ggmNgg=,fif6673a89m6sIdUjX22bB+wrOM=
51,-160,OdhswqkLXjdcGMM/12yf4ggmNgg=,fif6673a89m6sIdUjX22bB+wrOM=
54,-154,OdhswqkLXjdcGMM/12yf4ggmNgg=,fif6673a89m6sIdUjX22bB+wrOM=
55,-160,OdhswqkLXjdcGMM/12yf4ggmNgg=,fif6673a89m6sIdUjX22bB+wrOM=
54,-160,OdhswqkLXjdcGMM/12yf4ggmNgg=,fif6673a89m6sIdUjX22bB+wrOM=
54,-159,OdhswqkLXjdcGMM/12yf4ggmNgg=,fif6673a89m6sIdUjX22bB+wrOM=
50,-160,OdhswqkLXjdcGMM/12yf4ggmNgg=,fif6673a89m6sIdUjX22bB+wrOM=
52,-160,OdhswqkLXjdcGMM/12yf4ggmNgg=,fif6673a89m6sIdUjX22bB+wrOM=
49,-159,OdhswqkLXjdcGMM/12yf4ggmNgg=,fif6673a89m6sIdUjX22bB+wrOM=
53,-154,OdhswqkLXjdcGMM/12yf4ggmNgg=,fif6673a89m6sIdUjX22bB+wrOM=
52,-154,OdhswqkLXjdcGMM/12yf4ggmNgg=,fif6673a89m6sIdUjX22bB+wrOM=
52,-158,OdhswqkLXjdcGMM/12yf4ggmNgg=,fif6673a89m6sIdUjX22bB+wrOM=
51,-154,OdhswqkLXjdcGMM/12yf4ggmNgg=,fif6673a89m6sIdUjX22bB+wrOM=
51,-158,OdhswqkLXjdcGMM/12yf4ggmNgg=,fif6673a89m6sIdUjX22bB+wrOM=
49,-154,OdhswqkLXjdcGMM/12yf4ggmNgg=,fif6673a89m6sIdUjX22bB+wrOM=
53,-160,OdhswqkLXjdcGMM/12yf4ggmNgg=,fif6673a89m6sIdUjX22bB+wrOM=
55,-155,OdhswqkLXjdcGMM/12yf4ggmNgg=,fif6673a89m6sIdUjX22bB+wrOM=
50,-154,OdhswqkLXjdcGMM/12yf4ggmNgg=,fif6673a89m6sIdUjX22bB+wrOM=
52,-155,OdhswqkLXjdcGMM/12yf4ggmNgg=,fif6673a89m6sIdUjX22bB+wrOM=
54,-155,OdhswqkLXjdcGMM/12yf4ggmNgg=,fif6673a89m6sIdUjX22bB+wrOM=
53,-159,OdhswqkLXjdcGMM/12yf4ggmNgg=,fif6673a89m6sIdUjX22bB+wrOM=
53,-155,OdhswqkLXjdcGMM/12yf4ggmNgg=,fif6673a89m6sIdUjX22bB+wrOM=
50,-158,OdhswqkLXjdcGMM/12yf4ggmNgg=,fif6673a89m6sIdUjX22bB+wrOM=
51,-155,OdhswqkLXjdcGMM/12yf4ggmNgg=,fif6673a89m6sIdUjX22bB+wrOM=
50,-155,OdhswqkLXjdcGMM/12yf4ggmNgg=,fif6673a89m6sIdUjX22bB+wrOM=
49,-155,OdhswqkLXjdcGMM/12yf4ggmNgg=,fif6673a89m6sIdUjX22bB+wrOM=
48,-155,OdhswqkLXjdcGMM/12yf4ggmNgg=,fif6673a89m6sIdUjX22bB+wrOM=
55,-156,OdhswqkLXjdcGMM/12yf4ggmNgg=,fif6673a89m6sIdUjX22bB+wrOM=
54,-156,OdhswqkLXjdcGMM/12yf4ggmNgg=,fif6673a89m6sIdUjX22bB+wrOM=
53,-156,OdhswqkLXjdcGMM/12yf4ggmNgg=,fif6673a89m6sIdUjX22bB+wrOM=
52,-159,OdhswqkLXjdcGMM/12yf4ggmNgg=,fif6673a89m6sIdUjX22bB+wrOM=
49,-158,OdhswqkLXjdcGMM/12yf4ggmNgg=,fif6673a89m6sIdUjX22bB+wrOM=
51,-156,OdhswqkLXjdcGMM/12yf4ggmNgg=,fif6673a89m6sIdUjX22bB+wrOM=
52,-156,OdhswqkLXjdcGMM/12yf4ggmNgg=,fif6673a89m6sIdUjX22bB+wrOM=
50,-156,OdhswqkLXjdcGMM/12yf4ggmNgg=,fif6673a89m6sIdUjX22bB+wrOM=
48,-158,OdhswqkLXjdcGMM/12yf4ggmNgg=,fif6673a89m6sIdUjX22bB+wrOM=
49,-156,OdhswqkLXjdcGMM/12yf4ggmNgg=,fif6673a89m6sIdUjX22bB+wrOM=
55,-157,OdhswqkLXjdcGMM/12yf4ggmNgg=,fif6673a89m6sIdUjX22bB+wrOM=
54,-157,OdhswqkLXjdcGMM/12yf4ggmNgg=,fif6673a89m6sIdUjX22bB+wrOM=
48,-156,OdhswqkLXjdcGMM/12yf4ggmNgg=,fif6673a89m6sIdUjX22bB+wrOM=
53,-157,OdhswqkLXjdcGMM/12yf4ggmNgg=,fif6673a89m6sIdUjX22bB+wrOM=
51,-157,OdhswqkLXjdcGMM/12yf4ggmNgg=,fif6673a89m6sIdUjX22bB+wrOM=
52,-157,OdhswqkLXjdcGMM/12yf4ggmNgg=,fif6673a89m6sIdUjX22bB+wrOM=
50,-157,OdhswqkLXjdcGMM/12yf4ggmNgg=,fif6673a89m6sIdUjX22bB+wrOM=
48,-159,OdhswqkLXjdcGMM/12yf4ggmNgg=,fif6673a89m6sIdUjX22bB+wrOM=
51,-159,OdhswqkLXjdcGMM/12yf4ggmNgg=,fif6673a89m6sIdUjX22bB+wrOM=
49,-157,OdhswqkLXjdcGMM/12yf4ggmNgg=,fif6673a89m6sIdUjX22bB+wrOM=
48,-157,OdhswqkLXjdcGMM/12yf4ggmNgg=,fif6673a89m6sIdUjX22bB+wrOM=
55,-158,OdhswqkLXjdcGMM/12yf4ggmNgg=,fif6673a89m6sIdUjX22bB+wrOM=
54,-158,OdhswqkLXjdcGMM/12yf4ggmNgg=,fif6673a89m6sIdUjX22bB+wrOM=
48,-154,OdhswqkLXjdcGMM/12yf4ggmNgg=,fif6673a89m6sIdUjX22bB+wrOM=
49,-160,OdhswqkLXjdcGMM/12yf4ggmNgg=,fif6673a89m6sIdUjX22bB+wrOM=
48,-160,OdhswqkLXjdcGMM/12yf4ggmNgg=,fif6673a89m6sIdUjX22bB+wrOM=
54,-145,OdhswqkLXjdcGMM/12yf4ggmNgg=,rvK2JX+jgSs1B1wXs933zCE7IeM=
55,-145,OdhswqkLXjdcGMM/12yf4ggmNgg=,rvK2JX+jgSs1B1wXs933zCE7IeM=
53,-145,OdhswqkLXjdcGMM/12yf4ggmNgg=,rvK2JX+jgSs1B1wXs933zCE7IeM=
55,-153,OdhswqkLXjdcGMM/12yf4ggmNgg=,fif6673a89m6sIdUjX22bB+wrOM=
54,-153,OdhswqkLXjdcGMM/12yf4ggmNgg=,fif6673a89m6sIdUjX22bB+wrOM=
52,-145,OdhswqkLXjdcGMM/12yf4ggmNgg=,rvK2JX+jgSs1B1wXs933zCE7IeM=
53,-153,OdhswqkLXjdcGMM/12yf4ggmNgg=,fif6673a89m6sIdUjX22bB+wrOM=
52,-153,OdhswqkLXjdcGMM/12yf4ggmNgg=,fif6673a89m6sIdUjX22bB+wrOM=
51,-145,OdhswqkLXjdcGMM/12yf4ggmNgg=,rvK2JX+jgSs1B1wXs933zCE7IeM=
50,-145,OdhswqkLXjdcGMM/12yf4ggmNgg=,rvK2JX+jgSs1B1wXs933zCE7IeM=
49,-145,OdhswqkLXjdcGMM/12yf4ggmNgg=,rvK2JX+jgSs1B1wXs933zCE7IeM=
55,-152,OdhswqkLXjdcGMM/12yf4ggmNgg=,rvK2JX+jgSs1B1wXs933zCE7IeM=
54,-152,OdhswqkLXjdcGMM/12yf4ggmNgg=,rvK2JX+jgSs1B1wXs933zCE7IeM=
53,-152,OdhswqkLXjdcGMM/12yf4ggmNgg=,rvK2JX+jgSs1B1wXs933zCE7IeM=
52,-152,OdhswqkLXjdcGMM/12yf4ggmNgg=,rvK2JX+jgSs1B1wXs933zCE7IeM=
51,-152,OdhswqkLXjdcGMM/12yf4ggmNgg=,rvK2JX+jgSs1B1wXs933zCE7IeM=
54,-146,OdhswqkLXjdcGMM/12yf4ggmNgg=,rvK2JX+jgSs1B1wXs933zCE7IeM=
55,-146,OdhswqkLXjdcGMM/12yf4ggmNgg=,rvK2JX+jgSs1B1wXs933zCE7IeM=
50,-152,OdhswqkLXjdcGMM/12yf4ggmNgg=,rvK2JX+jgSs1B1wXs933zCE7IeM=
52,-146,OdhswqkLXjdcGMM/12yf4ggmNgg=,rvK2JX+jgSs1B1wXs933zCE7IeM=
50,-146,OdhswqkLXjdcGMM/12yf4ggmNgg=,rvK2JX+jgSs1B1wXs933zCE7IeM=
50,-153,OdhswqkLXjdcGMM/12yf4ggmNgg=,fif6673a89m6sIdUjX22bB+wrOM=
54,-150,OdhswqkLXjdcGMM/12yf4ggmNgg=,rvK2JX+jgSs1B1wXs933zCE7IeM=
55,-147,OdhswqkLXjdcGMM/12yf4ggmNgg=,rvK2JX+jgSs1B1wXs933zCE7IeM=
52,-147,OdhswqkLXjdcGMM/12yf4ggmNgg=,rvK2JX+jgSs1B1wXs933zCE7IeM=
54,-147,OdhswqkLXjdcGMM/12yf4ggmNgg=,rvK2JX+jgSs1B1wXs933zCE7IeM=
51,-146,OdhswqkLXjdcGMM/12yf4ggmNgg=,rvK2JX+jgSs1B1wXs933zCE7IeM=
53,-147,OdhswqkLXjdcGMM/12yf4ggmNgg=,rvK2JX+jgSs1B1wXs933zCE7IeM=
51,-147,OdhswqkLXjdcGMM/12yf4ggmNgg=,rvK2JX+jgSs1B1wXs933zCE7IeM=
55,-150,OdhswqkLXjdcGMM/12yf4ggmNgg=,rvK2JX+jgSs1B1wXs933zCE7IeM=
55,-148,OdhswqkLXjdcGMM/12yf4ggmNgg=,rvK2JX+jgSs1B1wXs933zCE7IeM=
54,-148,OdhswqkLXjdcGMM/12yf4ggmNgg=,rvK2JX+jgSs1B1wXs933zCE7IeM=
52,-148,OdhswqkLXjdcGMM/12yf4ggmNgg=,rvK2JX+jgSs1B1wXs933zCE7IeM=
53,-148,OdhswqkLXjdcGMM/12yf4ggmNgg=,rvK2JX+jgSs1B1wXs933zCE7IeM=
55,-151,OdhswqkLXjdcGMM/12yf4ggmNgg=,rvK2JX+jgSs1B1wXs933zCE7IeM=
51,-153,OdhswqkLXjdcGMM/12yf4ggmNgg=,fif6673a89m6sIdUjX22bB+wrOM=
55,-149,OdhswqkLXjdcGMM/12yf4ggmNgg=,rvK2JX+jgSs1B1wXs933zCE7IeM=
49,-153,OdhswqkLXjdcGMM/12yf4ggmNgg=,fif6673a89m6sIdUjX22bB+wrOM=
54,-149,OdhswqkLXjdcGMM/12yf4ggmNgg=,rvK2JX+jgSs1B1wXs933zCE7IeM=
53,-149,OdhswqkLXjdcGMM/12yf4ggmNgg=,rvK2JX+jgSs1B1wXs933zCE7IeM=
53,-150,OdhswqkLXjdcGMM/12yf4ggmNgg=,rvK2JX+jgSs1B1wXs933zCE7IeM=
52,-149,OdhswqkLXjdcGMM/12yf4ggmNgg=,rvK2JX+jgSs1B1wXs933zCE7IeM=
53,-151,OdhswqkLXjdcGMM/12yf4ggmNgg=,rvK2JX+jgSs1B1wXs933zCE7IeM=
54,-151,OdhswqkLXjdcGMM/12yf4ggmNgg=,rvK2JX+jgSs1B1wXs933zCE7IeM=
53,-146,OdhswqkLXjdcGMM/12yf4ggmNgg=,rvK2JX+jgSs1B1wXs933zCE7IeM=
52,-150,OdhswqkLXjdcGMM/12yf4ggmNgg=,rvK2JX+jgSs1B1wXs933zCE7IeM=
52,-151,OdhswqkLXjdcGMM/12yf4ggmNgg=,rvK2JX+jgSs1B1wXs933zCE7IeM=
48,-150,OdhswqkLXjdcGMM/12yf4ggmNgg=,rvK2JX+jgSs1B1wXs933zCE7IeM=
50,-147,OdhswqkLXjdcGMM/12yf4ggmNgg=,rvK2JX+jgSs1B1wXs933zCE7IeM=
48,-149,OdhswqkLXjdcGMM/12yf4ggmNgg=,rvK2JX+jgSs1B1wXs933zCE7IeM=
51,-151,OdhswqkLXjdcGMM/12yf4ggmNgg=,rvK2JX+jgSs1B1wXs933zCE7IeM=
51,-148,OdhswqkLXjdcGMM/12yf4ggmNgg=,rvK2JX+jgSs1B1wXs933zCE7IeM=
49,-152,OdhswqkLXjdcGMM/12yf4ggmNgg=,rvK2JX+jgSs1B1wXs933zCE7IeM=
49,-146,OdhswqkLXjdcGMM/12yf4ggmNgg=,rvK2JX+jgSs1B1wXs933zCE7IeM=
48,-153,OdhswqkLXjdcGMM/12yf4ggmNgg=,fif6673a89m6sIdUjX22bB+wrOM=
49,-150,OdhswqkLXjdcGMM/12yf4ggmNgg=,rvK2JX+jgSs1B1wXs933zCE7IeM=
50,-148,OdhswqkLXjdcGMM/12yf4ggmNgg=,rvK2JX+jgSs1B1wXs933zCE7IeM=
50,-151,OdhswqkLXjdcGMM/12yf4ggmNgg=,rvK2JX+jgSs1B1wXs933zCE7IeM=
49,-147,OdhswqkLXjdcGMM/12yf4ggmNgg=,rvK2JX+jgSs1B1wXs933zCE7IeM=
49,-149,OdhswqkLXjdcGMM/12yf4ggmNgg=,rvK2JX+jgSs1B1wXs933zCE7IeM=
48,-148,OdhswqkLXjdcGMM/12yf4ggmNgg=,rvK2JX+jgSs1B1wXs933zCE7IeM=
49,-151,OdhswqkLXjdcGMM/12yf4ggmNgg=,rvK2JX+jgSs1B1wXs933zCE7IeM=
50,-150,OdhswqkLXjdcGMM/12yf4ggmNgg=,rvK2JX+jgSs1B1wXs933zCE7IeM=
51,-150,OdhswqkLXjdcGMM/12yf4ggmNgg=,rvK2JX+jgSs1B1wXs933zCE7IeM=
50,-149,OdhswqkLXjdcGMM/12yf4ggmNgg=,rvK2JX+jgSs1B1wXs933zCE7IeM=
48,-151,OdhswqkLXjdcGMM/12yf4ggmNgg=,rvK2JX+jgSs1B1wXs933zCE7IeM=
49,-148,OdhswqkLXjdcGMM/12yf4ggmNgg=,rvK2JX+jgSs1B1wXs933zCE7IeM=
48,-152,OdhswqkLXjdcGMM/12yf4ggmNgg=,rvK2JX+jgSs1B1wXs933zCE7IeM=
48,-145,OdhswqkLXjdcGMM/12yf4ggmNgg=,rvK2JX+jgSs1B1wXs933zCE7IeM=
51,-149,OdhswqkLXjdcGMM/12yf4ggmNgg=,rvK2JX+jgSs1B1wXs933zCE7IeM=
48,-146,OdhswqkLXjdcGMM/12yf4ggmNgg=,rvK2JX+jgSs1B1wXs933zCE7IeM=
48,-147,OdhswqkLXjdcGMM/12yf4ggmNgg=,rvK2JX+jgSs1B1wXs933zCE7IeM=
36,-149,m5TiXPXYDLLxMNOk7n7D59RPRcY=,exyAzVKHVQh4UOdjviNMYkf20jw=
35,-149,m5TiXPXYDLLxMNOk7n7D59RPRcY=,exyAzVKHVQh4UOdjviNMYkf20jw=
34,-149,m5TiXPXYDLLxMNOk7n7D59RPRcY=,exyAzVKHVQh4UOdjviNMYkf20jw=
33,-149,m5TiXPXYDLLxMNOk7n7D59RPRcY=,exyAzVKHVQh4UOdjviNMYkf20jw=
38,-150,m5TiXPXYDLLxMNOk7n7D59RPRcY=,exyAzVKHVQh4UOdjviNMYkf20jw=
37,-146,m5TiXPXYDLLxMNOk7n7D59RPRcY=,exyAzVKHVQh4UOdjviNMYkf20jw=
38,-146,m5TiXPXYDLLxMNOk7n7D59RPRcY=,exyAzVKHVQh4UOdjviNMYkf20jw=
36,-146,m5TiXPXYDLLxMNOk7n7D59RPRcY=,exyAzVKHVQh4UOdjviNMYkf20jw=
37,-150,m5TiXPXYDLLxMNOk7n7D59RPRcY=,exyAzVKHVQh4UOdjviNMYkf20jw=
34,-146,m5TiXPXYDLLxMNOk7n7D59RPRcY=,exyAzVKHVQh4UOdjviNMYkf20jw=
35,-146,m5TiXPXYDLLxMNOk7n7D59RPRcY=,exyAzVKHVQh4UOdjviNMYkf20jw=
35,-150,m5TiXPXYDLLxMNOk7n7D59RPRcY=,exyAzVKHVQh4UOdjviNMYkf20jw=
33,-146,m5TiXPXYDLLxMNOk7n7D59RPRcY=,exyAzVKHVQh4UOdjviNMYkf20jw=
34,-150,m5TiXPXYDLLxMNOk7n7D59RPRcY=,exyAzVKHVQh4UOdjviNMYkf20jw=
33,-150,m5TiXPXYDLLxMNOk7n7D59RPRcY=,exyAzVKHVQh4UOdjviNMYkf20jw=
38,-151,m5TiXPXYDLLxMNOk7n7D59RPRcY=,exyAzVKHVQh4UOdjviNMYkf20jw=
37,-151,m5TiXPXYDLLxMNOk7n7D59RPRcY=,exyAzVKHVQh4UOdjviNMYkf20jw=
36,-151,m5TiXPXYDLLxMNOk7n7D59RPRcY=,exyAzVKHVQh4UOdjviNMYkf20jw=
36,-150,m5TiXPXYDLLxMNOk7n7D59RPRcY=,exyAzVKHVQh4UOdjviNMYkf20jw=
35,-151,m5TiXPXYDLLxMNOk7n7D59RPRcY=,exyAzVKHVQh4UOdjviNMYkf20jw=
34,-151,m5TiXPXYDLLxMNOk7n7D59RPRcY=,exyAzVKHVQh4UOdjviNMYkf20jw=
37,-147,m5TiXPXYDLLxMNOk7n7D59RPRcY=,exyAzVKHVQh4UOdjviNMYkf20jw=
36,-147,m5TiXPXYDLLxMNOk7n7D59RPRcY=,exyAzVKHVQh4UOdjviNMYkf20jw=
35,-147,m5TiXPXYDLLxMNOk7n7D59RPRcY=,exyAzVKHVQh4UOdjviNMYkf20jw=
38,-147,m5TiXPXYDLLxMNOk7n7D59RPRcY=,exyAzVKHVQh4UOdjviNMYkf20jw=
34,-147,m5TiXPXYDLLxMNOk7n7D59RPRcY=,exyAzVKHVQh4UOdjviNMYkf20jw=
33,-147,m5TiXPXYDLLxMNOk7n7D59RPRcY=,exyAzVKHVQh4UOdjviNMYkf20jw=
38,-148,m5TiXPXYDLLxMNOk7n7D59RPRcY=,exyAzVKHVQh4UOdjviNMYkf20jw=
36,-148,m5TiXPXYDLLxMNOk7n7D59RPRcY=,exyAzVKHVQh4UOdjviNMYkf20jw=
35,-148,m5TiXPXYDLLxMNOk7n7D59RPRcY=,exyAzVKHVQh4UOdjviNMYkf20jw=
34,-148,m5TiXPXYDLLxMNOk7n7D59RPRcY=,exyAzVKHVQh4UOdjviNMYkf20jw=
37,-148,m5TiXPXYDLLxMNOk7n7D59RPRcY=,exyAzVKHVQh4UOdjviNMYkf20jw=
33,-148,m5TiXPXYDLLxMNOk7n7D59RPRcY=,exyAzVKHVQh4UOdjviNMYkf20jw=
37,-149,m5TiXPXYDLLxMNOk7n7D59RPRcY=,exyAzVKHVQh4UOdjviNMYkf20jw=
33,-151,m5TiXPXYDLLxMNOk7n7D59RPRcY=,exyAzVKHVQh4UOdjviNMYkf20jw=
38,-149,m5TiXPXYDLLxMNOk7n7D59RPRcY=,exyAzVKHVQh4UOdjviNMYkf20jw=
38,-156,m5TiXPXYDLLxMNOk7n7D59RPRcY=,sWXv8ca6sTKtzjPSSwicKCpp+yg=
37,-156,m5TiXPXYDLLxMNOk7n7D59RPRcY=,sWXv8ca6sTKtzjPSSwicKCpp+yg=
33,-156,m5TiXPXYDLLxMNOk7n7D59RPRcY=,sWXv8ca6sTKtzjPSSwicKCpp+yg=
38,-152,m5TiXPXYDLLxMNOk7n7D59RPRcY=,exyAzVKHVQh4UOdjviNMYkf20jw=
37,-152,m5TiXPXYDLLxMNOk7n7D59RPRcY=,exyAzVKHVQh4UOdjviNMYkf20jw=
38,-157,m5TiXPXYDLLxMNOk7n7D59RPRcY=,sWXv8ca6sTKtzjPSSwicKCpp+yg=
36,-152,m5TiXPXYDLLxMNOk7n7D59RPRcY=,exyAzVKHVQh4UOdjviNMYkf20jw=
35,-152,m5TiXPXYDLLxMNOk7n7D59RPRcY=,exyAzVKHVQh4UOdjviNMYkf20jw=
36,-155,m5TiXPXYDLLxMNOk7n7D59RPRcY=,sWXv8ca6sTKtzjPSSwicKCpp+yg=
34,-157,m5TiXPXYDLLxMNOk7n7D59RPRcY=,sWXv8ca6sTKtzjPSSwicKCpp+yg=
37,-155,m5TiXPXYDLLxMNOk7n7D59RPRcY=,sWXv8ca6sTKtzjPSSwicKCpp+yg=
33,-157,m5TiXPXYDLLxMNOk7n7D59RPRcY=,sWXv8ca6sTKtzjPSSwicKCpp+yg=
38,-153,m5TiXPXYDLLxMNOk7n7D59RPRcY=,sWXv8ca6sTKtzjPSSwicKCpp+yg=
37,-153,m5TiXPXYDLLxMNOk7n7D59RPRcY=,sWXv8ca6sTKtzjPSSwicKCpp+yg=
38,-155,m5TiXPXYDLLxMNOk7n7D59RPRcY=,sWXv8ca6sTKtzjPSSwicKCpp+yg=
36,-153,m5TiXPXYDLLxMNOk7n7D59RPRcY=,sWXv8ca6sTKtzjPSSwicKCpp+yg=
35,-153,m5TiXPXYDLLxMNOk7n7D59RPRcY=,sWXv8ca6sTKtzjPSSwicKCpp+yg=
37,-154,m5TiXPXYDLLxMNOk7n7D59RPRcY=,sWXv8ca6sTKtzjPSSwicKCpp+yg=
38,-154,m5TiXPXYDLLxMNOk7n7D59RPRcY=,sWXv8ca6sTKtzjPSSwicKCpp+yg=
33,-155,m5TiXPXYDLLxMNOk7n7D59RPRcY=,sWXv8ca6sTKtzjPSSwicKCpp+yg=
34,-152,m5TiXPXYDLLxMNOk7n7D59RPRcY=,exyAzVKHVQh4UOdjviNMYkf20jw=
34,-156,m5TiXPXYDLLxMNOk7n7D59RPRcY=,sWXv8ca6sTKtzjPSSwicKCpp+yg=
35,-158,m5TiXPXYDLLxMNOk7n7D59RPRcY=,sWXv8ca6sTKtzjPSSwicKCpp+yg=
33,-158,m5TiXPXYDLLxMNOk7n7D59RPRcY=,sWXv8ca6sTKtzjPSSwicKCpp+yg=
34,-158,m5TiXPXYDLLxMNOk7n7D59RPRcY=,sWXv8ca6sTKtzjPSSwicKCpp+yg=
41,-150,m5TiXPXYDLLxMNOk7n7D59RPRcY=,ueaHUY7XTt8IxqfFENc7sydG4nk=
43,-151,m5TiXPXYDLLxMNOk7n7D59RPRcY=,ueaHUY7XTt8IxqfFENc7sydG4nk=
42,-150,m5TiXPXYDLLxMNOk7n7D59RPRcY=,ueaHUY7XTt8IxqfFENc7sydG4nk=
44,-151,m5TiXPXYDLLxMNOk7n7D59RPRcY=,ueaHUY7XTt8IxqfFENc7sydG4nk=
41,-149,m5TiXPXYDLLxMNOk7n7D59RPRcY=,ueaHUY7XTt8IxqfFENc7sydG4nk=
43,-150,m5TiXPXYDLLxMNOk7n7D59RPRcY=,ueaHUY7XTt8IxqfFENc7sydG4nk=
42,-149,m5TiXPXYDLLxMNOk7n7D59RPRcY=,ueaHUY7XTt8IxqfFENc7sydG4nk=
46,-147,m5TiXPXYDLLxMNOk7n7D59RPRcY=,ueaHUY7XTt8IxqfFENc7sydG4nk=
45,-151,m5TiXPXYDLLxMNOk7n7D59RPRcY=,ueaHUY7XTt8IxqfFENc7sydG4nk=
33,-159,m5TiXPXYDLLxMNOk7n7D59RPRcY=,sWXv8ca6sTKtzjPSSwicKCpp+yg=
34,-159,m5TiXPXYDLLxMNOk7n7D59RPRcY=,sWXv8ca6sTKtzjPSSwicKCpp+yg=
35,-159,m5TiXPXYDLLxMNOk7n7D59RPRcY=,sWXv8ca6sTKtzjPSSwicKCpp+yg=
36,-154,m5TiXPXYDLLxMNOk7n7D59RPRcY=,sWXv8ca6sTKtzjPSSwicKCpp+yg=
45,-147,m5TiXPXYDLLxMNOk7n7D59RPRcY=,ueaHUY7XTt8IxqfFENc7sydG4nk=
45,-146,m5TiXPXYDLLxMNOk7n7D59RPRcY=,ueaHUY7XTt8IxqfFENc7sydG4nk=
43,-147,m5TiXPXYDLLxMNOk7n7D59RPRcY=,ueaHUY7XTt8IxqfFENc7sydG4nk=
44,-147,m5TiXPXYDLLxMNOk7n7D59RPRcY=,ueaHUY7XTt8IxqfFENc7sydG4nk=
42,-147,m5TiXPXYDLLxMNOk7n7D59RPRcY=,ueaHUY7XTt8IxqfFENc7sydG4nk=
41,-147,m5TiXPXYDLLxMNOk7n7D59RPRcY=,ueaHUY7XTt8IxqfFENc7sydG4nk=
40,-147,m5TiXPXYDLLxMNOk7n7D59RPRcY=,ueaHUY7XTt8IxqfFENc7sydG4nk=
39,-150,m5TiXPXYDLLxMNOk7n7D59RPRcY=,exyAzVKHVQh4UOdjviNMYkf20jw=
39,-146,m5TiXPXYDLLxMNOk7n7D59RPRcY=,exyAzVKHVQh4UOdjviNMYkf20jw=
44,-146,m5TiXPXYDLLxMNOk7n7D59RPRcY=,ueaHUY7XTt8IxqfFENc7sydG4nk=
46,-149,m5TiXPXYDLLxMNOk7n7D59RPRcY=,ueaHUY7XTt8IxqfFENc7sydG4nk=
40,-149,m5TiXPXYDLLxMNOk7n7D59RPRcY=,ueaHUY7XTt8IxqfFENc7sydG4nk=
38,-158,m5TiXPXYDLLxMNOk7n7D59RPRcY=,sWXv8ca6sTKtzjPSSwicKCpp+yg=
43,-146,m5TiXPXYDLLxMNOk7n7D59RPRcY=,ueaHUY7XTt8IxqfFENc7sydG4nk=
40,-150,m5TiXPXYDLLxMNOk7n7D59RPRcY=,ueaHUY7XTt8IxqfFENc7sydG4nk=
39,-151,m5TiXPXYDLLxMNOk7n7D59RPRcY=,exyAzVKHVQh4UOdjviNMYkf20jw=
42,-146,m5TiXPXYDLLxMNOk7n7D59RPRcY=,ueaHUY7XTt8IxqfFENc7sydG4nk=
42,-151,m5TiXPXYDLLxMNOk7n7D59RPRcY=,ueaHUY7XTt8IxqfFENc7sydG4nk=
45,-149,m5TiXPXYDLLxMNOk7n7D59RPRcY=,ueaHUY7XTt8IxqfFENc7sydG4nk=
37,-157,m5TiXPXYDLLxMNOk7n7D59RPRcY=,sWXv8ca6sTKtzjPSSwicKCpp+yg=
46,-150,m5TiXPXYDLLxMNOk7n7D59RPRcY=,ueaHUY7XTt8IxqfFENc7sydG4nk=
41,-151,m5TiXPXYDLLxMNOk7n7D59RPRcY=,ueaHUY7XTt8IxqfFENc7sydG4nk=
39,-147,m5TiXPXYDLLxMNOk7n7D59RPRcY=,exyAzVKHVQh4UOdjviNMYkf20jw=
40,-151,m5TiXPXYDLLxMNOk7n7D59RPRcY=,ueaHUY7XTt8IxqfFENc7sydG4nk=
41,-146,m5TiXPXYDLLxMNOk7n7D59RPRcY=,ueaHUY7XTt8IxqfFENc7sydG4nk=
46,-148,m5TiXPXYDLLxMNOk7n7D59RPRcY=,ueaHUY7XTt8IxqfFENc7sydG4nk=
45,-148,m5TiXPXYDLLxMNOk7n7D59RPRcY=,ueaHUY7XTt8IxqfFENc7sydG4nk=
40,-146,m5TiXPXYDLLxMNOk7n7D59RPRcY=,ueaHUY7XTt8IxqfFENc7sydG4nk=
45,-150,m5TiXPXYDLLxMNOk7n7D59RPRcY=,ueaHUY7XTt8IxqfFENc7sydG4nk=
44,-148,m5TiXPXYDLLxMNOk7n7D59RPRcY=,ueaHUY7XTt8IxqfFENc7sydG4nk=
43,-148,m5TiXPXYDLLxMNOk7n7D59RPRcY=,ueaHUY7XTt8IxqfFENc7sydG4nk=
39,-148,m5TiXPXYDLLxMNOk7n7D59RPRcY=,exyAzVKHVQh4UOdjviNMYkf20jw=
42,-148,m5TiXPXYDLLxMNOk7n7D59RPRcY=,ueaHUY7XTt8IxqfFENc7sydG4nk=
41,-148,m5TiXPXYDLLxMNOk7n7D59RPRcY=,ueaHUY7XTt8IxqfFENc7sydG4nk=
44,-149,m5TiXPXYDLLxMNOk7n7D59RPRcY=,ueaHUY7XTt8IxqfFENc7sydG4nk=
40,-148,m5TiXPXYDLLxMNOk7n7D59RPRcY=,ueaHUY7XTt8IxqfFENc7sydG4nk=
43,-149,m5TiXPXYDLLxMNOk7n7D59RPRcY=,ueaHUY7XTt8IxqfFENc7sydG4nk=
39,-149,m5TiXPXYDLLxMNOk7n7D59RPRcY=,exyAzVKHVQh4UOdjviNMYkf20jw=
44,-150,m5TiXPXYDLLxMNOk7n7D59RPRcY=,ueaHUY7XTt8IxqfFENc7sydG4nk=
46,-146,m5TiXPXYDLLxMNOk7n7D59RPRcY=,ueaHUY7XTt8IxqfFENc7sydG4nk=
40,-153,m5TiXPXYDLLxMNOk7n7D59RPRcY=,BbYwduod/IPxc/YChNUoIQoJwfE=
42,-153,m5TiXPXYDLLxMNOk7n7D59RPRcY=,BbYwduod/IPxc/YChNUoIQoJwfE=
43,-153,m5TiXPXYDLLxMNOk7n7D59RPRcY=,BbYwduod/IPxc/YChNUoIQoJwfE=
44,-154,m5TiXPXYDLLxMNOk7n7D59RPRcY=,BbYwduod/IPxc/YChNUoIQoJwfE=
39,-156,m5TiXPXYDLLxMNOk7n7D59RPRcY=,sWXv8ca6sTKtzjPSSwicKCpp+yg=
45,-154,m5TiXPXYDLLxMNOk7n7D59RPRcY=,BbYwduod/IPxc/YChNUoIQoJwfE=
41,-154,m5TiXPXYDLLxMNOk7n7D59RPRcY=,BbYwduod/IPxc/YChNUoIQoJwfE=
41,-153,m5TiXPXYDLLxMNOk7n7D59RPRcY=,BbYwduod/IPxc/YChNUoIQoJwfE=
38,-159,m5TiXPXYDLLxMNOk7n7D59RPRcY=,sWXv8ca6sTKtzjPSSwicKCpp+yg=
43,-154,m5TiXPXYDLLxMNOk7n7D59RPRcY=,BbYwduod/IPxc/YChNUoIQoJwfE=
36,-159,m5TiXPXYDLLxMNOk7n7D59RPRcY=,sWXv8ca6sTKtzjPSSwicKCpp+yg=
44,-153,m5TiXPXYDLLxMNOk7n7D59RPRcY=,BbYwduod/IPxc/YChNUoIQoJwfE=
40,-154,m5TiXPXYDLLxMNOk7n7D59RPRcY=,BbYwduod/IPxc/YChNUoIQoJwfE=
45,-155,m5TiXPXYDLLxMNOk7n7D59RPRcY=,BbYwduod/IPxc/YChNUoIQoJwfE=
43,-155,m5TiXPXYDLLxMNOk7n7D59RPRcY=,BbYwduod/IPxc/YChNUoIQoJwfE=
41,-155,m5TiXPXYDLLxMNOk7n7D59RPRcY=,BbYwduod/IPxc/YChNUoIQoJwfE=
42,-154,m5TiXPXYDLLxMNOk7n7D59RPRcY=,BbYwduod/IPxc/YChNUoIQoJwfE=
44,-155,m5TiXPXYDLLxMNOk7n7D59RPRcY=,BbYwduod/IPxc/YChNUoIQoJwfE=
42,-155,m5TiXPXYDLLxMNOk7n7D59RPRcY=,BbYwduod/IPxc/YChNUoIQoJwfE=
42,-152,m5TiXPXYDLLxMNOk7n7D59RPRcY=,ueaHUY7XTt8IxqfFENc7sydG4nk=
40,-155,m5TiXPXYDLLxMNOk7n7D59RPRcY=,BbYwduod/IPxc/YChNUoIQoJwfE=
45,-153,m5TiXPXYDLLxMNOk7n7D59RPRcY=,BbYwduod/IPxc/YChNUoIQoJwfE=
39,-152,m5TiXPXYDLLxMNOk7n7D59RPRcY=,exyAzVKHVQh4UOdjviNMYkf20jw=
39,-157,m5TiXPXYDLLxMNOk7n7D59RPRcY=,sWXv8ca6sTKtzjPSSwicKCpp+yg=
45,-156,m5TiXPXYDLLxMNOk7n7D59RPRcY=,BbYwduod/IPxc/YChNUoIQoJwfE=
44,-156,m5TiXPXYDLLxMNOk7n7D59RPRcY=,BbYwduod/IPxc/YChNUoIQoJwfE=
39,-153,m5TiXPXYDLLxMNOk7n7D59RPRcY=,sWXv8ca6sTKtzjPSSwicKCpp+yg=
45,-152,m5TiXPXYDLLxMNOk7n7D59RPRcY=,ueaHUY7XTt8IxqfFENc7sydG4nk=
35,-157,m5TiXPXYDLLxMNOk7n7D59RPRcY=,sWXv8ca6sTKtzjPSSwicKCpp+yg=
39,-154,m5TiXPXYDLLxMNOk7n7D59RPRcY=,sWXv8ca6sTKtzjPSSwicKCpp+yg=
44,-152,m5TiXPXYDLLxMNOk7n7D59RPRcY=,ueaHUY7XTt8IxqfFENc7sydG4nk=
43,-156,m5TiXPXYDLLxMNOk7n7D59RPRcY=,BbYwduod/IPxc/YChNUoIQoJwfE=
39,-158,m5TiXPXYDLLxMNOk7n7D59RPRcY=,sWXv8ca6sTKtzjPSSwicKCpp+yg=
42,-156,m5TiXPXYDLLxMNOk7n7D59RPRcY=,BbYwduod/IPxc/YChNUoIQoJwfE=
41,-156,m5TiXPXYDLLxMNOk7n7D59RPRcY=,BbYwduod/IPxc/YChNUoIQoJwfE=
40,-156,m5TiXPXYDLLxMNOk7n7D59RPRcY=,BbYwduod/IPxc/YChNUoIQoJwfE=
33,-154,m5TiXPXYDLLxMNOk7n7D59RPRcY=,sWXv8ca6sTKtzjPSSwicKCpp+yg=
45,-157,m5TiXPXYDLLxMNOk7n7D59RPRcY=,BbYwduod/IPxc/YChNUoIQoJwfE=
44,-157,m5TiXPXYDLLxMNOk7n7D59RPRcY=,BbYwduod/IPxc/YChNUoIQoJwfE=
42,-157,m5TiXPXYDLLxMNOk7n7D59RPRcY=,BbYwduod/IPxc/YChNUoIQoJwfE=
43,-157,m5TiXPXYDLLxMNOk7n7D59RPRcY=,BbYwduod/IPxc/YChNUoIQoJwfE=
41,-152,m5TiXPXYDLLxMNOk7n7D59RPRcY=,ueaHUY7XTt8IxqfFENc7sydG4nk=
40,-157,m5TiXPXYDLLxMNOk7n7D59RPRcY=,BbYwduod/IPxc/YChNUoIQoJwfE=
41,-157,m5TiXPXYDLLxMNOk7n7D59RPRcY=,BbYwduod/IPxc/YChNUoIQoJwfE=
45,-158,m5TiXPXYDLLxMNOk7n7D59RPRcY=,BbYwduod/IPxc/YChNUoIQoJwfE=
43,-158,m5TiXPXYDLLxMNOk7n7D59RPRcY=,BbYwduod/IPxc/YChNUoIQoJwfE=
43,-152,m5TiXPXYDLLxMNOk7n7D59RPRcY=,ueaHUY7XTt8IxqfFENc7sydG4nk=
44,-158,m5TiXPXYDLLxMNOk7n7D59RPRcY=,BbYwduod/IPxc/YChNUoIQoJwfE=
42,-158,m5TiXPXYDLLxMNOk7n7D59RPRcY=,BbYwduod/IPxc/YChNUoIQoJwfE=
41,-158,m5TiXPXYDLLxMNOk7n7D59RPRcY=,BbYwduod/IPxc/YChNUoIQoJwfE=
40,-158,m5TiXPXYDLLxMNOk7n7D59RPRcY=,BbYwduod/IPxc/YChNUoIQoJwfE=
45,-159,m5TiXPXYDLLxMNOk7n7D59RPRcY=,BbYwduod/IPxc/YChNUoIQoJwfE=
39,-155,m5TiXPXYDLLxMNOk7n7D59RPRcY=,sWXv8ca6sTKtzjPSSwicKCpp+yg=
43,-159,m5TiXPXYDLLxMNOk7n7D59RPRcY=,BbYwduod/IPxc/YChNUoIQoJwfE=
41,-159,m5TiXPXYDLLxMNOk7n7D59RPRcY=,BbYwduod/IPxc/YChNUoIQoJwfE=
44,-159,m5TiXPXYDLLxMNOk7n7D59RPRcY=,BbYwduod/IPxc/YChNUoIQoJwfE=
40,-159,m5TiXPXYDLLxMNOk7n7D59RPRcY=,BbYwduod/IPxc/YChNUoIQoJwfE=
42,-159,m5TiXPXYDLLxMNOk7n7D59RPRcY=,BbYwduod/IPxc/YChNUoIQoJwfE=
40,-152,m5TiXPXYDLLxMNOk7n7D59RPRcY=,ueaHUY7XTt8IxqfFENc7sydG4nk=
34,-153,m5TiXPXYDLLxMNOk7n7D59RPRcY=,sWXv8ca6sTKtzjPSSwicKCpp+yg=
35,-154,m5TiXPXYDLLxMNOk7n7D59RPRcY=,sWXv8ca6sTKtzjPSSwicKCpp+yg=
34,-155,m5TiXPXYDLLxMNOk7n7D59RPRcY=,sWXv8ca6sTKtzjPSSwicKCpp+yg=
36,-156,m5TiXPXYDLLxMNOk7n7D59RPRcY=,sWXv8ca6sTKtzjPSSwicKCpp+yg=
39,-159,m5TiXPXYDLLxMNOk7n7D59RPRcY=,sWXv8ca6sTKtzjPSSwicKCpp+yg=
33,-152,m5TiXPXYDLLxMNOk7n7D59RPRcY=,exyAzVKHVQh4UOdjviNMYkf20jw=
36,-158,m5TiXPXYDLLxMNOk7n7D59RPRcY=,sWXv8ca6sTKtzjPSSwicKCpp+yg=
46,-151,m5TiXPXYDLLxMNOk7n7D59RPRcY=,ueaHUY7XTt8IxqfFENc7sydG4nk=
37,-158,m5TiXPXYDLLxMNOk7n7D59RPRcY=,sWXv8ca6sTKtzjPSSwicKCpp+yg=
46,-159,m5TiXPXYDLLxMNOk7n7D59RPRcY=,BbYwduod/IPxc/YChNUoIQoJwfE=
35,-156,m5TiXPXYDLLxMNOk7n7D59RPRcY=,sWXv8ca6sTKtzjPSSwicKCpp+yg=
33,-153,m5TiXPXYDLLxMNOk7n7D59RPRcY=,sWXv8ca6sTKtzjPSSwicKCpp+yg=
37,-159,m5TiXPXYDLLxMNOk7n7D59RPRcY=,sWXv8ca6sTKtzjPSSwicKCpp+yg=
34,-154,m5TiXPXYDLLxMNOk7n7D59RPRcY=,sWXv8ca6sTKtzjPSSwicKCpp+yg=
46,-156,m5TiXPXYDLLxMNOk7n7D59RPRcY=,BbYwduod/IPxc/YChNUoIQoJwfE=
36,-157,m5TiXPXYDLLxMNOk7n7D59RPRcY=,sWXv8ca6sTKtzjPSSwicKCpp+yg=
46,-154,m5TiXPXYDLLxMNOk7n7D59RPRcY=,BbYwduod/IPxc/YChNUoIQoJwfE=
46,-155,m5TiXPXYDLLxMNOk7n7D59RPRcY=,BbYwduod/IPxc/YChNUoIQoJwfE=
46,-157,m5TiXPXYDLLxMNOk7n7D59RPRcY=,BbYwduod/IPxc/YChNUoIQoJwfE=
35,-155,m5TiXPXYDLLxMNOk7n7D59RPRcY=,sWXv8ca6sTKtzjPSSwicKCpp+yg=
46,-153,m5TiXPXYDLLxMNOk7n7D59RPRcY=,BbYwduod/IPxc/YChNUoIQoJwfE=
46,-152,m5TiXPXYDLLxMNOk7n7D59RPRcY=,ueaHUY7XTt8IxqfFENc7sydG4nk=
46,-158,m5TiXPXYDLLxMNOk7n7D59RPRcY=,BbYwduod/IPxc/YChNUoIQoJwfE=
38,-145,m5TiXPXYDLLxMNOk7n7D59RPRcY=,exyAzVKHVQh4UOdjviNMYkf20jw=
35,-145,m5TiXPXYDLLxMNOk7n7D59RPRcY=,exyAzVKHVQh4UOdjviNMYkf20jw=
36,-145,m5TiXPXYDLLxMNOk7n7D59RPRcY=,exyAzVKHVQh4UOdjviNMYkf20jw=
33,-145,m5TiXPXYDLLxMNOk7n7D59RPRcY=,exyAzVKHVQh4UOdjviNMYkf20jw=
34,-145,m5TiXPXYDLLxMNOk7n7D59RPRcY=,exyAzVKHVQh4UOdjviNMYkf20jw=
37,-145,m5TiXPXYDLLxMNOk7n7D59RPRcY=,exyAzVKHVQh4UOdjviNMYkf20jw=
47,-148,m5TiXPXYDLLxMNOk7n7D59RPRcY=,ueaHUY7XTt8IxqfFENc7sydG4nk=
47,-149,m5TiXPXYDLLxMNOk7n7D59RPRcY=,ueaHUY7XTt8IxqfFENc7sydG4nk=
47,-150,m5TiXPXYDLLxMNOk7n7D59RPRcY=,ueaHUY7XTt8IxqfFENc7sydG4nk=
47,-147,m5TiXPXYDLLxMNOk7n7D59RPRcY=,ueaHUY7XTt8IxqfFENc7sydG4nk=
41,-145,m5TiXPXYDLLxMNOk7n7D59RPRcY=,ueaHUY7XTt8IxqfFENc7sydG4nk=
40,-145,m5TiXPXYDLLxMNOk7n7D59RPRcY=,ueaHUY7XTt8IxqfFENc7sydG4nk=
45,-145,m5TiXPXYDLLxMNOk7n7D59RPRcY=,ueaHUY7XTt8IxqfFENc7sydG4nk=
39,-145,m5TiXPXYDLLxMNOk7n7D59RPRcY=,exyAzVKHVQh4UOdjviNMYkf20jw=
46,-145,m5TiXPXYDLLxMNOk7n7D59RPRcY=,ueaHUY7XTt8IxqfFENc7sydG4nk=
47,-156,m5TiXPXYDLLxMNOk7n7D59RPRcY=,BbYwduod/IPxc/YChNUoIQoJwfE=
47,-155,m5TiXPXYDLLxMNOk7n7D59RPRcY=,BbYwduod/IPxc/YChNUoIQoJwfE=
47,-151,m5TiXPXYDLLxMNOk7n7D59RPRcY=,ueaHUY7XTt8IxqfFENc7sydG4nk=
44,-145,m5TiXPXYDLLxMNOk7n7D59RPRcY=,ueaHUY7XTt8IxqfFENc7sydG4nk=
47,-157,m5TiXPXYDLLxMNOk7n7D59RPRcY=,BbYwduod/IPxc/YChNUoIQoJwfE=
47,-146,m5TiXPXYDLLxMNOk7n7D59RPRcY=,ueaHUY7XTt8IxqfFENc7sydG4nk=
43,-145,m5TiXPXYDLLxMNOk7n7D59RPRcY=,ueaHUY7XTt8IxqfFENc7sydG4nk=
47,-153,m5TiXPXYDLLxMNOk7n7D59RPRcY=,BbYwduod/IPxc/YChNUoIQoJwfE=
47,-158,m5TiXPXYDLLxMNOk7n7D59RPRcY=,BbYwduod/IPxc/YChNUoIQoJwfE=
47,-159,m5TiXPXYDLLxMNOk7n7D59RPRcY=,BbYwduod/IPxc/YChNUoIQoJwfE=
47,-154,m5TiXPXYDLLxMNOk7n7D59RPRcY=,BbYwduod/IPxc/YChNUoIQoJwfE=
47,-152,m5TiXPXYDLLxMNOk7n7D59RPRcY=,ueaHUY7XTt8IxqfFENc7sydG4nk=
42,-145,m5TiXPXYDLLxMNOk7n7D59RPRcY=,ueaHUY7XTt8IxqfFENc7sydG4nk=
32,-157,m5TiXPXYDLLxMNOk7n7D59RPRcY=,sWXv8ca6sTKtzjPSSwicKCpp+yg=
32,-156,m5TiXPXYDLLxMNOk7n7D59RPRcY=,sWXv8ca6sTKtzjPSSwicKCpp+yg=
32,-155,m5TiXPXYDLLxMNOk7n7D59RPRcY=,sWXv8ca6sTKtzjPSSwicKCpp+yg=
32,-158,m5TiXPXYDLLxMNOk7n7D59RPRcY=,sWXv8ca6sTKtzjPSSwicKCpp+yg=
32,-154,m5TiXPXYDLLxMNOk7n7D59RPRcY=,sWXv8ca6sTKtzjPSSwicKCpp+yg=
45,-160,m5TiXPXYDLLxMNOk7n7D59RPRcY=,BbYwduod/IPxc/YChNUoIQoJwfE=
46,-160,m5TiXPXYDLLxMNOk7n7D59RPRcY=,BbYwduod/IPxc/YChNUoIQoJwfE=
44,-160,m5TiXPXYDLLxMNOk7n7D59RPRcY=,BbYwduod/IPxc/YChNUoIQoJwfE=
43,-160,m5TiXPXYDLLxMNOk7n7D59RPRcY=,BbYwduod/IPxc/YChNUoIQoJwfE=
32,-159,m5TiXPXYDLLxMNOk7n7D59RPRcY=,sWXv8ca6sTKtzjPSSwicKCpp+yg=
42,-160,m5TiXPXYDLLxMNOk7n7D59RPRcY=,BbYwduod/IPxc/YChNUoIQoJwfE=
36,-160,m5TiXPXYDLLxMNOk7n7D59RPRcY=,sWXv8ca6sTKtzjPSSwicKCpp+yg=
34,-160,m5TiXPXYDLLxMNOk7n7D59RPRcY=,sWXv8ca6sTKtzjPSSwicKCpp+yg=
32,-145,m5TiXPXYDLLxMNOk7n7D59RPRcY=,exyAzVKHVQh4UOdjviNMYkf20jw=
41,-160,m5TiXPXYDLLxMNOk7n7D59RPRcY=,BbYwduod/IPxc/YChNUoIQoJwfE=
33,-160,m5TiXPXYDLLxMNOk7n7D59RPRcY=,sWXv8ca6sTKtzjPSSwicKCpp+yg=
35,-160,m5TiXPXYDLLxMNOk7n7D59RPRcY=,sWXv8ca6sTKtzjPSSwicKCpp+yg=
32,-147,m5TiXPXYDLLxMNOk7n7D59RPRcY=,exyAzVKHVQh4UOdjviNMYkf20jw=
40,-160,m5TiXPXYDLLxMNOk7n7D59RPRcY=,BbYwduod/IPxc/YChNUoIQoJwfE=
32,-146,m5TiXPXYDLLxMNOk7n7D59RPRcY=,exyAzVKHVQh4UOdjviNMYkf20jw=
32,-148,m5TiXPXYDLLxMNOk7n7D59RPRcY=,exyAzVKHVQh4UOdjviNMYkf20jw=
32,-149,m5TiXPXYDLLxMNOk7n7D59RPRcY=,exyAzVKHVQh4UOdjviNMYkf20jw=
39,-160,m5TiXPXYDLLxMNOk7n7D59RPRcY=,sWXv8ca6sTKtzjPSSwicKCpp+yg=
32,-153,m5TiXPXYDLLxMNOk7n7D59RPRcY=,sWXv8ca6sTKtzjPSSwicKCpp+yg=
32,-152,m5TiXPXYDLLxMNOk7n7D59RPRcY=,exyAzVKHVQh4UOdjviNMYkf20jw=
32,-150,m5TiXPXYDLLxMNOk7n7D59RPRcY=,exyAzVKHVQh4UOdjviNMYkf20jw=
37,-160,m5TiXPXYDLLxMNOk7n7D59RPRcY=,sWXv8ca6sTKtzjPSSwicKCpp+yg=
38,-160,m5TiXPXYDLLxMNOk7n7D59RPRcY=,sWXv8ca6sTKtzjPSSwicKCpp+yg=
32,-151,m5TiXPXYDLLxMNOk7n7D59RPRcY=,exyAzVKHVQh4UOdjviNMYkf20jw=
32,-160,m5TiXPXYDLLxMNOk7n7D59RPRcY=,sWXv8ca6sTKtzjPSSwicKCpp+yg=
47,-160,m5TiXPXYDLLxMNOk7n7D59RPRcY=,BbYwduod/IPxc/YChNUoIQoJwfE=
47,-145,m5TiXPXYDLLxMNOk7n7D59RPRcY=,ueaHUY7XTt8IxqfFENc7sydG4nk=
41,-131,m5TiXPXYDLLxMNOk7n7D59RPRcY=,QH7SJ+haVbtoHL5BYOjOKdBCVMc=
46,-132,5+OtKqIFuVPNvPz1jradWCPh7h0=,QH7SJ+haVbtoHL5BYOjOKdBCVMc=
45,-132,5+OtKqIFuVPNvPz1jradWCPh7h0=,QH7SJ+haVbtoHL5BYOjOKdBCVMc=
45,-131,5+OtKqIFuVPNvPz1jradWCPh7h0=,QH7SJ+haVbtoHL5BYOjOKdBCVMc=
44,-132,5+OtKqIFuVPNvPz1jradWCPh7h0=,QH7SJ+haVbtoHL5BYOjOKdBCVMc=
41,-133,5+OtKqIFuVPNvPz1jradWCPh7h0=,QH7SJ+haVbtoHL5BYOjOKdBCVMc=
45,-130,5+OtKqIFuVPNvPz1jradWCPh7h0=,QH7SJ+haVbtoHL5BYOjOKdBCVMc=
44,-130,5+OtKqIFuVPNvPz1jradWCPh7h0=,QH7SJ+haVbtoHL5BYOjOKdBCVMc=
44,-131,5+OtKqIFuVPNvPz1jradWCPh7h0=,QH7SJ+haVbtoHL5BYOjOKdBCVMc=
41,-132,5+OtKqIFuVPNvPz1jradWCPh7h0=,QH7SJ+haVbtoHL5BYOjOKdBCVMc=
42,-132,5+OtKqIFuVPNvPz1jradWCPh7h0=,QH7SJ+haVbtoHL5BYOjOKdBCVMc=
43,-132,5+OtKqIFuVPNvPz1jradWCPh7h0=,QH7SJ+haVbtoHL5BYOjOKdBCVMc=
45,-133,5+OtKqIFuVPNvPz1jradWCPh7h0=,QH7SJ+haVbtoHL5BYOjOKdBCVMc=
46,-133,5+OtKqIFuVPNvPz1jradWCPh7h0=,QH7SJ+haVbtoHL5BYOjOKdBCVMc=
43,-130,5+OtKqIFuVPNvPz1jradWCPh7h0=,QH7SJ+haVbtoHL5BYOjOKdBCVMc=
44,-133,5+OtKqIFuVPNvPz1jradWCPh7h0=,QH7SJ+haVbtoHL5BYOjOKdBCVMc=
43,-131,5+OtKqIFuVPNvPz1jradWCPh7h0=,QH7SJ+haVbtoHL5BYOjOKdBCVMc=
42,-130,5+OtKqIFuVPNvPz1jradWCPh7h0=,QH7SJ+haVbtoHL5BYOjOKdBCVMc=
46,-134,5+OtKqIFuVPNvPz1jradWCPh7h0=,QH7SJ+haVbtoHL5BYOjOKdBCVMc=
41,-134,5+OtKqIFuVPNvPz1jradWCPh7h0=,QH7SJ+haVbtoHL5BYOjOKdBCVMc=
45,-134,5+OtKqIFuVPNvPz1jradWCPh7h0=,QH7SJ+haVbtoHL5BYOjOKdBCVMc=
44,-134,5+OtKqIFuVPNvPz1jradWCPh7h0=,QH7SJ+haVbtoHL5BYOjOKdBCVMc=
41,-130,5+OtKqIFuVPNvPz1jradWCPh7h0=,QH7SJ+haVbtoHL5BYOjOKdBCVMc=
43,-133,5+OtKqIFuVPNvPz1jradWCPh7h0=,QH7SJ+haVbtoHL5BYOjOKdBCVMc=
42,-133,5+OtKqIFuVPNvPz1jradWCPh7h0=,QH7SJ+haVbtoHL5BYOjOKdBCVMc=
46,-130,5+OtKqIFuVPNvPz1jradWCPh7h0=,QH7SJ+haVbtoHL5BYOjOKdBCVMc=
43,-134,5+OtKqIFuVPNvPz1jradWCPh7h0=,QH7SJ+haVbtoHL5BYOjOKdBCVMc=
42,-135,5+OtKqIFuVPNvPz1jradWCPh7h0=,QH7SJ+haVbtoHL5BYOjOKdBCVMc=
42,-134,5+OtKqIFuVPNvPz1jradWCPh7h0=,QH7SJ+haVbtoHL5BYOjOKdBCVMc=
46,-135,5+OtKqIFuVPNvPz1jradWCPh7h0=,QH7SJ+haVbtoHL5BYOjOKdBCVMc=
45,-135,5+OtKqIFuVPNvPz1jradWCPh7h0=,QH7SJ+haVbtoHL5BYOjOKdBCVMc=
41,-135,5+OtKqIFuVPNvPz1jradWCPh7h0=,QH7SJ+haVbtoHL5BYOjOKdBCVMc=
43,-135,5+OtKqIFuVPNvPz1jradWCPh7h0=,QH7SJ+haVbtoHL5BYOjOKdBCVMc=
46,-131,5+OtKqIFuVPNvPz1jradWCPh7h0=,QH7SJ+haVbtoHL5BYOjOKdBCVMc=
44,-135,5+OtKqIFuVPNvPz1jradWCPh7h0=,QH7SJ+haVbtoHL5BYOjOKdBCVMc=
42,-131,5+OtKqIFuVPNvPz1jradWCPh7h0=,QH7SJ+haVbtoHL5BYOjOKdBCVMc=
35,-139,5+OtKqIFuVPNvPz1jradWCPh7h0=,xjuxtZkZ1A4Tax2uFr874wwJYeY=
34,-139,5+OtKqIFuVPNvPz1jradWCPh7h0=,xjuxtZkZ1A4Tax2uFr874wwJYeY=
33,-139,5+OtKqIFuVPNvPz1jradWCPh7h0=,xjuxtZkZ1A4Tax2uFr874wwJYeY=
36,-140,5+OtKqIFuVPNvPz1jradWCPh7h0=,xjuxtZkZ1A4Tax2uFr874wwJYeY=
35,-140,5+OtKqIFuVPNvPz1jradWCPh7h0=,xjuxtZkZ1A4Tax2uFr874wwJYeY=
34,-140,5+OtKqIFuVPNvPz1jradWCPh7h0=,xjuxtZkZ1A4Tax2uFr874wwJYeY=
33,-140,5+OtKqIFuVPNvPz1jradWCPh7h0=,xjuxtZkZ1A4Tax2uFr874wwJYeY=
37,-141,5+OtKqIFuVPNvPz1jradWCPh7h0=,xjuxtZkZ1A4Tax2uFr874wwJYeY=
36,-141,5+OtKqIFuVPNvPz1jradWCPh7h0=,xjuxtZkZ1A4Tax2uFr874wwJYeY=
35,-141,5+OtKqIFuVPNvPz1jradWCPh7h0=,xjuxtZkZ1A4Tax2uFr874wwJYeY=
34,-141,5+OtKqIFuVPNvPz1jradWCPh7h0=,xjuxtZkZ1A4Tax2uFr874wwJYeY=
33,-141,5+OtKqIFuVPNvPz1jradWCPh7h0=,xjuxtZkZ1A4Tax2uFr874wwJYeY=
37,-142,5+OtKqIFuVPNvPz1jradWCPh7h0=,xjuxtZkZ1A4Tax2uFr874wwJYeY=
36,-142,5+OtKqIFuVPNvPz1jradWCPh7h0=,xjuxtZkZ1A4Tax2uFr874wwJYeY=
33,-142,5+OtKqIFuVPNvPz1jradWCPh7h0=,xjuxtZkZ1A4Tax2uFr874wwJYeY=
38,-143,5+OtKqIFuVPNvPz1jradWCPh7h0=,xjuxtZkZ1A4Tax2uFr874wwJYeY=
35,-142,5+OtKqIFuVPNvPz1jradWCPh7h0=,xjuxtZkZ1A4Tax2uFr874wwJYeY=
34,-142,5+OtKqIFuVPNvPz1jradWCPh7h0=,xjuxtZkZ1A4Tax2uFr874wwJYeY=
37,-143,5+OtKqIFuVPNvPz1jradWCPh7h0=,xjuxtZkZ1A4Tax2uFr874wwJYeY=
36,-143,5+OtKqIFuVPNvPz1jradWCPh7h0=,xjuxtZkZ1A4Tax2uFr874wwJYeY=
35,-143,5+OtKqIFuVPNvPz1jradWCPh7h0=,xjuxtZkZ1A4Tax2uFr874wwJYeY=
34,-143,5+OtKqIFuVPNvPz1jradWCPh7h0=,xjuxtZkZ1A4Tax2uFr874wwJYeY=
33,-143,5+OtKqIFuVPNvPz1jradWCPh7h0=,xjuxtZkZ1A4Tax2uFr874wwJYeY=
34,-138,5+OtKqIFuVPNvPz1jradWCPh7h0=,xjuxtZkZ1A4Tax2uFr874wwJYeY=
35,-138,5+OtKqIFuVPNvPz1jradWCPh7h0=,xjuxtZkZ1A4Tax2uFr874wwJYeY=
33,-138,5+OtKqIFuVPNvPz1jradWCPh7h0=,xjuxtZkZ1A4Tax2uFr874wwJYeY=
37,-140,5+OtKqIFuVPNvPz1jradWCPh7h0=,xjuxtZkZ1A4Tax2uFr874wwJYeY=
36,-139,5+OtKqIFuVPNvPz1jradWCPh7h0=,xjuxtZkZ1A4Tax2uFr874wwJYeY=
36,-138,5+OtKqIFuVPNvPz1jradWCPh7h0=,xjuxtZkZ1A4Tax2uFr874wwJYeY=
38,-142,5+OtKqIFuVPNvPz1jradWCPh7h0=,xjuxtZkZ1A4Tax2uFr874wwJYeY=
33,-133,5+OtKqIFuVPNvPz1jradWCPh7h0=,gkO3SPDCCDqo4msurGgzGukLk0o=
34,-134,5+OtKqIFuVPNvPz1jradWCPh7h0=,gkO3SPDCCDqo4msurGgzGukLk0o=
35,-133,5+OtKqIFuVPNvPz1jradWCPh7h0=,gkO3SPDCCDqo4msurGgzGukLk0o=
39,-135,5+OtKqIFuVPNvPz1jradWCPh7h0=,gkO3SPDCCDqo4msurGgzGukLk0o=
33,-134,5+OtKqIFuVPNvPz1jradWCPh7h0=,gkO3SPDCCDqo4msurGgzGukLk0o=
39,-134,5+OtKqIFuVPNvPz1jradWCPh7h0=,gkO3SPDCCDqo4msurGgzGukLk0o=
34,-133,5+OtKqIFuVPNvPz1jradWCPh7h0=,gkO3SPDCCDqo4msurGgzGukLk0o=
40,-133,5+OtKqIFuVPNvPz1jradWCPh7h0=,QH7SJ+haVbtoHL5BYOjOKdBCVMc=
37,-130,5+OtKqIFuVPNvPz1jradWCPh7h0=,gkO3SPDCCDqo4msurGgzGukLk0o=
35,-130,5+OtKqIFuVPNvPz1jradWCPh7h0=,gkO3SPDCCDqo4msurGgzGukLk0o=
35,-134,5+OtKqIFuVPNvPz1jradWCPh7h0=,gkO3SPDCCDqo4msurGgzGukLk0o=
34,-130,5+OtKqIFuVPNvPz1jradWCPh7h0=,gkO3SPDCCDqo4msurGgzGukLk0o=
36,-130,5+OtKqIFuVPNvPz1jradWCPh7h0=,gkO3SPDCCDqo4msurGgzGukLk0o=
33,-130,5+OtKqIFuVPNvPz1jradWCPh7h0=,gkO3SPDCCDqo4msurGgzGukLk0o=
35,-135,5+OtKqIFuVPNvPz1jradWCPh7h0=,gkO3SPDCCDqo4msurGgzGukLk0o=
34,-135,5+OtKqIFuVPNvPz1jradWCPh7h0=,gkO3SPDCCDqo4msurGgzGukLk0o=
33,-135,5+OtKqIFuVPNvPz1jradWCPh7h0=,gkO3SPDCCDqo4msurGgzGukLk0o=
40,-132,5+OtKqIFuVPNvPz1jradWCPh7h0=,QH7SJ+haVbtoHL5BYOjOKdBCVMc=
36,-136,5+OtKqIFuVPNvPz1jradWCPh7h0=,gkO3SPDCCDqo4msurGgzGukLk0o=
36,-133,5+OtKqIFuVPNvPz1jradWCPh7h0=,gkO3SPDCCDqo4msurGgzGukLk0o=
34,-136,5+OtKqIFuVPNvPz1jradWCPh7h0=,gkO3SPDCCDqo4msurGgzGukLk0o=
35,-136,5+OtKqIFuVPNvPz1jradWCPh7h0=,gkO3SPDCCDqo4msurGgzGukLk0o=
33,-136,5+OtKqIFuVPNvPz1jradWCPh7h0=,gkO3SPDCCDqo4msurGgzGukLk0o=
34,-131,5+OtKqIFuVPNvPz1jradWCPh7h0=,gkO3SPDCCDqo4msurGgzGukLk0o=
33,-131,5+OtKqIFuVPNvPz1jradWCPh7h0=,gkO3SPDCCDqo4msurGgzGukLk0o=
35,-131,5+OtKqIFuVPNvPz1jradWCPh7h0=,gkO3SPDCCDqo4msurGgzGukLk0o=
36,-131,5+OtKqIFuVPNvPz1jradWCPh7h0=,gkO3SPDCCDqo4msurGgzGukLk0o=
40,-131,5+OtKqIFuVPNvPz1jradWCPh7h0=,QH7SJ+haVbtoHL5BYOjOKdBCVMc=
35,-137,5+OtKqIFuVPNvPz1jradWCPh7h0=,xjuxtZkZ1A4Tax2uFr874wwJYeY=
34,-137,5+OtKqIFuVPNvPz1jradWCPh7h0=,xjuxtZkZ1A4Tax2uFr874wwJYeY=
33,-137,5+OtKqIFuVPNvPz1jradWCPh7h0=,xjuxtZkZ1A4Tax2uFr874wwJYeY=
37,-139,5+OtKqIFuVPNvPz1jradWCPh7h0=,xjuxtZkZ1A4Tax2uFr874wwJYeY=
39,-132,5+OtKqIFuVPNvPz1jradWCPh7h0=,gkO3SPDCCDqo4msurGgzGukLk0o=
40,-134,5+OtKqIFuVPNvPz1jradWCPh7h0=,QH7SJ+haVbtoHL5BYOjOKdBCVMc=
36,-132,5+OtKqIFuVPNvPz1jradWCPh7h0=,gkO3SPDCCDqo4msurGgzGukLk0o=
35,-132,5+OtKqIFuVPNvPz1jradWCPh7h0=,gkO3SPDCCDqo4msurGgzGukLk0o=
36,-135,5+OtKqIFuVPNvPz1jradWCPh7h0=,gkO3SPDCCDqo4msurGgzGukLk0o=
34,-132,5+OtKqIFuVPNvPz1jradWCPh7h0=,gkO3SPDCCDqo4msurGgzGukLk0o=
36,-137,5+OtKqIFuVPNvPz1jradWCPh7h0=,xjuxtZkZ1A4Tax2uFr874wwJYeY=
33,-132,5+OtKqIFuVPNvPz1jradWCPh7h0=,gkO3SPDCCDqo4msurGgzGukLk0o=
39,-133,5+OtKqIFuVPNvPz1jradWCPh7h0=,gkO3SPDCCDqo4msurGgzGukLk0o=
40,-135,5+OtKqIFuVPNvPz1jradWCPh7h0=,QH7SJ+haVbtoHL5BYOjOKdBCVMc=
43,-137,5+OtKqIFuVPNvPz1jradWCPh7h0=,cONfeSAH5nEwXa6uyaIdNxNDts8=
41,-137,5+OtKqIFuVPNvPz1jradWCPh7h0=,cONfeSAH5nEwXa6uyaIdNxNDts8=
42,-137,5+OtKqIFuVPNvPz1jradWCPh7h0=,cONfeSAH5nEwXa6uyaIdNxNDts8=
40,-137,5+OtKqIFuVPNvPz1jradWCPh7h0=,cONfeSAH5nEwXa6uyaIdNxNDts8=
46,-138,5+OtKqIFuVPNvPz1jradWCPh7h0=,cONfeSAH5nEwXa6uyaIdNxNDts8=
45,-138,5+OtKqIFuVPNvPz1jradWCPh7h0=,cONfeSAH5nEwXa6uyaIdNxNDts8=
44,-138,5+OtKqIFuVPNvPz1jradWCPh7h0=,cONfeSAH5nEwXa6uyaIdNxNDts8=
43,-138,5+OtKqIFuVPNvPz1jradWCPh7h0=,cONfeSAH5nEwXa6uyaIdNxNDts8=
42,-138,5+OtKqIFuVPNvPz1jradWCPh7h0=,cONfeSAH5nEwXa6uyaIdNxNDts8=
41,-138,5+OtKqIFuVPNvPz1jradWCPh7h0=,cONfeSAH5nEwXa6uyaIdNxNDts8=
40,-130,5+OtKqIFuVPNvPz1jradWCPh7h0=,QH7SJ+haVbtoHL5BYOjOKdBCVMc=
40,-138,5+OtKqIFuVPNvPz1jradWCPh7h0=,cONfeSAH5nEwXa6uyaIdNxNDts8=
44,-137,5+OtKqIFuVPNvPz1jradWCPh7h0=,cONfeSAH5nEwXa6uyaIdNxNDts8=
46,-139,5+OtKqIFuVPNvPz1jradWCPh7h0=,cONfeSAH5nEwXa6uyaIdNxNDts8=
45,-139,5+OtKqIFuVPNvPz1jradWCPh7h0=,cONfeSAH5nEwXa6uyaIdNxNDts8=
44,-139,5+OtKqIFuVPNvPz1jradWCPh7h0=,cONfeSAH5nEwXa6uyaIdNxNDts8=
45,-137,5+OtKqIFuVPNvPz1jradWCPh7h0=,cONfeSAH5nEwXa6uyaIdNxNDts8=
43,-139,5+OtKqIFuVPNvPz1jradWCPh7h0=,cONfeSAH5nEwXa6uyaIdNxNDts8=
42,-139,5+OtKqIFuVPNvPz1jradWCPh7h0=,cONfeSAH5nEwXa6uyaIdNxNDts8=
41,-139,5+OtKqIFuVPNvPz1jradWCPh7h0=,cONfeSAH5nEwXa6uyaIdNxNDts8=
46,-137,5+OtKqIFuVPNvPz1jradWCPh7h0=,cONfeSAH5nEwXa6uyaIdNxNDts8=
38,-138,5+OtKqIFuVPNvPz1jradWCPh7h0=,xjuxtZkZ1A4Tax2uFr874wwJYeY=
46,-140,5+OtKqIFuVPNvPz1jradWCPh7h0=,cONfeSAH5nEwXa6uyaIdNxNDts8=
40,-139,5+OtKqIFuVPNvPz1jradWCPh7h0=,cONfeSAH5nEwXa6uyaIdNxNDts8=
40,-136,5+OtKqIFuVPNvPz1jradWCPh7h0=,QH7SJ+haVbtoHL5BYOjOKdBCVMc=
36,-134,5+OtKqIFuVPNvPz1jradWCPh7h0=,gkO3SPDCCDqo4msurGgzGukLk0o=
45,-140,5+OtKqIFuVPNvPz1jradWCPh7h0=,cONfeSAH5nEwXa6uyaIdNxNDts8=
44,-140,5+OtKqIFuVPNvPz1jradWCPh7h0=,cONfeSAH5nEwXa6uyaIdNxNDts8=
43,-136,5+OtKqIFuVPNvPz1jradWCPh7h0=,QH7SJ+haVbtoHL5BYOjOKdBCVMc=
43,-140,5+OtKqIFuVPNvPz1jradWCPh7h0=,cONfeSAH5nEwXa6uyaIdNxNDts8=
41,-140,5+OtKqIFuVPNvPz1jradWCPh7h0=,cONfeSAH5nEwXa6uyaIdNxNDts8=
42,-140,5+OtKqIFuVPNvPz1jradWCPh7h0=,cONfeSAH5nEwXa6uyaIdNxNDts8=
44,-136,5+OtKqIFuVPNvPz1jradWCPh7h0=,QH7SJ+haVbtoHL5BYOjOKdBCVMc=
46,-141,5+OtKqIFuVPNvPz1jradWCPh7h0=,cONfeSAH5nEwXa6uyaIdNxNDts8=
45,-141,5+OtKqIFuVPNvPz1jradWCPh7h0=,cONfeSAH5nEwXa6uyaIdNxNDts8=
45,-136,5+OtKqIFuVPNvPz1jradWCPh7h0=,QH7SJ+haVbtoHL5BYOjOKdBCVMc=
46,-136,5+OtKqIFuVPNvPz1jradWCPh7h0=,QH7SJ+haVbtoHL5BYOjOKdBCVMc=
41,-136,5+OtKqIFuVPNvPz1jradWCPh7h0=,QH7SJ+haVbtoHL5BYOjOKdBCVMc=
42,-136,5+OtKqIFuVPNvPz1jradWCPh7h0=,QH7SJ+haVbtoHL5BYOjOKdBCVMc=
38,-141,5+OtKqIFuVPNvPz1jradWCPh7h0=,xjuxtZkZ1A4Tax2uFr874wwJYeY=
38,-136,5+OtKqIFuVPNvPz1jradWCPh7h0=,gkO3SPDCCDqo4msurGgzGukLk0o=
42,-141,5+OtKqIFuVPNvPz1jradWCPh7h0=,cONfeSAH5nEwXa6uyaIdNxNDts8=
41,-141,5+OtKqIFuVPNvPz1jradWCPh7h0=,cONfeSAH5nEwXa6uyaIdNxNDts8=
37,-131,5+OtKqIFuVPNvPz1jradWCPh7h0=,gkO3SPDCCDqo4msurGgzGukLk0o=
40,-140,5+OtKqIFuVPNvPz1jradWCPh7h0=,cONfeSAH5nEwXa6uyaIdNxNDts8=
37,-134,5+OtKqIFuVPNvPz1jradWCPh7h0=,gkO3SPDCCDqo4msurGgzGukLk0o=
46,-142,5+OtKqIFuVPNvPz1jradWCPh7h0=,cONfeSAH5nEwXa6uyaIdNxNDts8=
38,-139,5+OtKqIFuVPNvPz1jradWCPh7h0=,xjuxtZkZ1A4Tax2uFr874wwJYeY=
45,-142,5+OtKqIFuVPNvPz1jradWCPh7h0=,cONfeSAH5nEwXa6uyaIdNxNDts8=
38,-140,5+OtKqIFuVPNvPz1jradWCPh7h0=,xjuxtZkZ1A4Tax2uFr874wwJYeY=
38,-137,5+OtKqIFuVPNvPz1jradWCPh7h0=,xjuxtZkZ1A4Tax2uFr874wwJYeY=
39,-139,5+OtKqIFuVPNvPz1jradWCPh7h0=,xjuxtZkZ1A4Tax2uFr874wwJYeY=
38,-130,5+OtKqIFuVPNvPz1jradWCPh7h0=,gkO3SPDCCDqo4msurGgzGukLk0o=
39,-136,5+OtKqIFuVPNvPz1jradWCPh7h0=,gkO3SPDCCDqo4msurGgzGukLk0o=
37,-133,5+OtKqIFuVPNvPz1jradWCPh7h0=,gkO3SPDCCDqo4msurGgzGukLk0o=
37,-138,5+OtKqIFuVPNvPz1jradWCPh7h0=,xjuxtZkZ1A4Tax2uFr874wwJYeY=
40,-141,5+OtKqIFuVPNvPz1jradWCPh7h0=,cONfeSAH5nEwXa6uyaIdNxNDts8=
39,-138,5+OtKqIFuVPNvPz1jradWCPh7h0=,xjuxtZkZ1A4Tax2uFr874wwJYeY=
39,-137,5+OtKqIFuVPNvPz1jradWCPh7h0=,xjuxtZkZ1A4Tax2uFr874wwJYeY=
39,-143,5+OtKqIFuVPNvPz1jradWCPh7h0=,xjuxtZkZ1A4Tax2uFr874wwJYeY=
44,-141,5+OtKqIFuVPNvPz1jradWCPh7h0=,cONfeSAH5nEwXa6uyaIdNxNDts8=
42,-142,5+OtKqIFuVPNvPz1jradWCPh7h0=,cONfeSAH5nEwXa6uyaIdNxNDts8=
43,-141,5+OtKqIFuVPNvPz1jradWCPh7h0=,cONfeSAH5nEwXa6uyaIdNxNDts8=
38,-135,5+OtKqIFuVPNvPz1jradWCPh7h0=,gkO3SPDCCDqo4msurGgzGukLk0o=
41,-142,5+OtKqIFuVPNvPz1jradWCPh7h0=,cONfeSAH5nEwXa6uyaIdNxNDts8=
37,-132,5+OtKqIFuVPNvPz1jradWCPh7h0=,gkO3SPDCCDqo4msurGgzGukLk0o=
38,-134,5+OtKqIFuVPNvPz1jradWCPh7h0=,gkO3SPDCCDqo4msurGgzGukLk0o=
38,-133,5+OtKqIFuVPNvPz1jradWCPh7h0=,gkO3SPDCCDqo4msurGgzGukLk0o=
39,-140,5+OtKqIFuVPNvPz1jradWCPh7h0=,xjuxtZkZ1A4Tax2uFr874wwJYeY=
37,-135,5+OtKqIFuVPNvPz1jradWCPh7h0=,gkO3SPDCCDqo4msurGgzGukLk0o=
37,-136,5+OtKqIFuVPNvPz1jradWCPh7h0=,gkO3SPDCCDqo4msurGgzGukLk0o=
39,-131,5+OtKqIFuVPNvPz1jradWCPh7h0=,gkO3SPDCCDqo4msurGgzGukLk0o=
38,-132,5+OtKqIFuVPNvPz1jradWCPh7h0=,gkO3SPDCCDqo4msurGgzGukLk0o=
44,-142,5+OtKqIFuVPNvPz1jradWCPh7h0=,cONfeSAH5nEwXa6uyaIdNxNDts8=
37,-137,5+OtKqIFuVPNvPz1jradWCPh7h0=,xjuxtZkZ1A4Tax2uFr874wwJYeY=
39,-130,5+OtKqIFuVPNvPz1jradWCPh7h0=,gkO3SPDCCDqo4msurGgzGukLk0o=
39,-141,5+OtKqIFuVPNvPz1jradWCPh7h0=,xjuxtZkZ1A4Tax2uFr874wwJYeY=
45,-143,5+OtKqIFuVPNvPz1jradWCPh7h0=,cONfeSAH5nEwXa6uyaIdNxNDts8=
38,-131,5+OtKqIFuVPNvPz1jradWCPh7h0=,gkO3SPDCCDqo4msurGgzGukLk0o=
42,-143,5+OtKqIFuVPNvPz1jradWCPh7h0=,cONfeSAH5nEwXa6uyaIdNxNDts8=
40,-142,5+OtKqIFuVPNvPz1jradWCPh7h0=,cONfeSAH5nEwXa6uyaIdNxNDts8=
40,-143,5+OtKqIFuVPNvPz1jradWCPh7h0=,cONfeSAH5nEwXa6uyaIdNxNDts8=
43,-142,5+OtKqIFuVPNvPz1jradWCPh7h0=,cONfeSAH5nEwXa6uyaIdNxNDts8=
44,-143,5+OtKqIFuVPNvPz1jradWCPh7h0=,cONfeSAH5nEwXa6uyaIdNxNDts8=
46,-143,5+OtKqIFuVPNvPz1jradWCPh7h0=,cONfeSAH5nEwXa6uyaIdNxNDts8=
39,-142,5+OtKqIFuVPNvPz1jradWCPh7h0=,xjuxtZkZ1A4Tax2uFr874wwJYeY=
41,-143,5+OtKqIFuVPNvPz1jradWCPh7h0=,cONfeSAH5nEwXa6uyaIdNxNDts8=
43,-143,5+OtKqIFuVPNvPz1jradWCPh7h0=,cONfeSAH5nEwXa6uyaIdNxNDts8=
47,-132,5+OtKqIFuVPNvPz1jradWCPh7h0=,QH7SJ+haVbtoHL5BYOjOKdBCVMc=
47,-134,5+OtKqIFuVPNvPz1jradWCPh7h0=,QH7SJ+haVbtoHL5BYOjOKdBCVMc=
47,-133,5+OtKqIFuVPNvPz1jradWCPh7h0=,QH7SJ+haVbtoHL5BYOjOKdBCVMc=
47,-130,5+OtKqIFuVPNvPz1jradWCPh7h0=,QH7SJ+haVbtoHL5BYOjOKdBCVMc=
47,-131,5+OtKqIFuVPNvPz1jradWCPh7h0=,QH7SJ+haVbtoHL5BYOjOKdBCVMc=
47,-135,5+OtKqIFuVPNvPz1jradWCPh7h0=,QH7SJ+haVbtoHL5BYOjOKdBCVMc=
36,-129,5+OtKqIFuVPNvPz1jradWCPh7h0=,gkO3SPDCCDqo4msurGgzGukLk0o=
35,-129,5+OtKqIFuVPNvPz1jradWCPh7h0=,gkO3SPDCCDqo4msurGgzGukLk0o=
34,-129,5+OtKqIFuVPNvPz1jradWCPh7h0=,gkO3SPDCCDqo4msurGgzGukLk0o=
33,-129,5+OtKqIFuVPNvPz1jradWCPh7h0=,gkO3SPDCCDqo4msurGgzGukLk0o=
47,-138,5+OtKqIFuVPNvPz1jradWCPh7h0=,cONfeSAH5nEwXa6uyaIdNxNDts8=
47,-140,5+OtKqIFuVPNvPz1jradWCPh7h0=,cONfeSAH5nEwXa6uyaIdNxNDts8=
47,-141,5+OtKqIFuVPNvPz1jradWCPh7h0=,cONfeSAH5nEwXa6uyaIdNxNDts8=
47,-137,5+OtKqIFuVPNvPz1jradWCPh7h0=,cONfeSAH5nEwXa6uyaIdNxNDts8=
37,-129,5+OtKqIFuVPNvPz1jradWCPh7h0=,gkO3SPDCCDqo4msurGgzGukLk0o=
47,-142,5+OtKqIFuVPNvPz1jradWCPh7h0=,cONfeSAH5nEwXa6uyaIdNxNDts8=
47,-139,5+OtKqIFuVPNvPz1jradWCPh7h0=,cONfeSAH5nEwXa6uyaIdNxNDts8=
38,-129,5+OtKqIFuVPNvPz1jradWCPh7h0=,gkO3SPDCCDqo4msurGgzGukLk0o=
43,-129,5+OtKqIFuVPNvPz1jradWCPh7h0=,QH7SJ+haVbtoHL5BYOjOKdBCVMc=
45,-129,5+OtKqIFuVPNvPz1jradWCPh7h0=,QH7SJ+haVbtoHL5BYOjOKdBCVMc=
44,-129,5+OtKqIFuVPNvPz1jradWCPh7h0=,QH7SJ+haVbtoHL5BYOjOKdBCVMc=
42,-129,5+OtKqIFuVPNvPz1jradWCPh7h0=,QH7SJ+haVbtoHL5BYOjOKdBCVMc=
41,-129,5+OtKqIFuVPNvPz1jradWCPh7h0=,QH7SJ+haVbtoHL5BYOjOKdBCVMc=
46,-129,5+OtKqIFuVPNvPz1jradWCPh7h0=,QH7SJ+haVbtoHL5BYOjOKdBCVMc=
47,-143,5+OtKqIFuVPNvPz1jradWCPh7h0=,cONfeSAH5nEwXa6uyaIdNxNDts8=
40,-129,5+OtKqIFuVPNvPz1jradWCPh7h0=,QH7SJ+haVbtoHL5BYOjOKdBCVMc=
39,-129,5+OtKqIFuVPNvPz1jradWCPh7h0=,gkO3SPDCCDqo4msurGgzGukLk0o=
47,-136,5+OtKqIFuVPNvPz1jradWCPh7h0=,QH7SJ+haVbtoHL5BYOjOKdBCVMc=
32,-133,5+OtKqIFuVPNvPz1jradWCPh7h0=,gkO3SPDCCDqo4msurGgzGukLk0o=
32,-131,5+OtKqIFuVPNvPz1jradWCPh7h0=,gkO3SPDCCDqo4msurGgzGukLk0o=
32,-134,5+OtKqIFuVPNvPz1jradWCPh7h0=,gkO3SPDCCDqo4msurGgzGukLk0o=
32,-132,5+OtKqIFuVPNvPz1jradWCPh7h0=,gkO3SPDCCDqo4msurGgzGukLk0o=
32,-135,5+OtKqIFuVPNvPz1jradWCPh7h0=,gkO3SPDCCDqo4msurGgzGukLk0o=
32,-141,5+OtKqIFuVPNvPz1jradWCPh7h0=,xjuxtZkZ1A4Tax2uFr874wwJYeY=
32,-143,5+OtKqIFuVPNvPz1jradWCPh7h0=,xjuxtZkZ1A4Tax2uFr874wwJYeY=
32,-130,5+OtKqIFuVPNvPz1jradWCPh7h0=,gkO3SPDCCDqo4msurGgzGukLk0o=
32,-142,5+OtKqIFuVPNvPz1jradWCPh7h0=,xjuxtZkZ1A4Tax2uFr874wwJYeY=
32,-136,5+OtKqIFuVPNvPz1jradWCPh7h0=,gkO3SPDCCDqo4msurGgzGukLk0o=
32,-140,5+OtKqIFuVPNvPz1jradWCPh7h0=,xjuxtZkZ1A4Tax2uFr874wwJYeY=
32,-139,5+OtKqIFuVPNvPz1jradWCPh7h0=,xjuxtZkZ1A4Tax2uFr874wwJYeY=
32,-137,5+OtKqIFuVPNvPz1jradWCPh7h0=,xjuxtZkZ1A4Tax2uFr874wwJYeY=
38,-144,5+OtKqIFuVPNvPz1jradWCPh7h0=,xjuxtZkZ1A4Tax2uFr874wwJYeY=
36,-144,5+OtKqIFuVPNvPz1jradWCPh7h0=,xjuxtZkZ1A4Tax2uFr874wwJYeY=
32,-138,5+OtKqIFuVPNvPz1jradWCPh7h0=,xjuxtZkZ1A4Tax2uFr874wwJYeY=
37,-144,5+OtKqIFuVPNvPz1jradWCPh7h0=,xjuxtZkZ1A4Tax2uFr874wwJYeY=
34,-144,5+OtKqIFuVPNvPz1jradWCPh7h0=,xjuxtZkZ1A4Tax2uFr874wwJYeY=
35,-144,5+OtKqIFuVPNvPz1jradWCPh7h0=,xjuxtZkZ1A4Tax2uFr874wwJYeY=
33,-144,5+OtKqIFuVPNvPz1jradWCPh7h0=,xjuxtZkZ1A4Tax2uFr874wwJYeY=
40,-144,5+OtKqIFuVPNvPz1jradWCPh7h0=,cONfeSAH5nEwXa6uyaIdNxNDts8=
41,-144,5+OtKqIFuVPNvPz1jradWCPh7h0=,cONfeSAH5nEwXa6uyaIdNxNDts8=
46,-144,5+OtKqIFuVPNvPz1jradWCPh7h0=,cONfeSAH5nEwXa6uyaIdNxNDts8=
39,-144,5+OtKqIFuVPNvPz1jradWCPh7h0=,xjuxtZkZ1A4Tax2uFr874wwJYeY=
43,-144,5+OtKqIFuVPNvPz1jradWCPh7h0=,cONfeSAH5nEwXa6uyaIdNxNDts8=
45,-144,5+OtKqIFuVPNvPz1jradWCPh7h0=,cONfeSAH5nEwXa6uyaIdNxNDts8=
44,-144,5+OtKqIFuVPNvPz1jradWCPh7h0=,cONfeSAH5nEwXa6uyaIdNxNDts8=
42,-144,5+OtKqIFuVPNvPz1jradWCPh7h0=,cONfeSAH5nEwXa6uyaIdNxNDts8=
47,-129,5+OtKqIFuVPNvPz1jradWCPh7h0=,QH7SJ+haVbtoHL5BYOjOKdBCVMc=
32,-129,5+OtKqIFuVPNvPz1jradWCPh7h0=,gkO3SPDCCDqo4msurGgzGukLk0o=
32,-144,5+OtKqIFuVPNvPz1jradWCPh7h0=,xjuxtZkZ1A4Tax2uFr874wwJYeY=
47,-144,5+OtKqIFuVPNvPz1jradWCPh7h0=,cONfeSAH5nEwXa6uyaIdNxNDts8=
